,Media,Date,Tweet,Compound Score,Positive Score,Negative Score,Neutral Score,Tweets Ago
0,@BBC,Sun Jul 15 19:28:16 +0000 2018,Comedian Romesh Ranganathan travels to Albania to get an insider's guide to the country and to find out whether his‚Ä¶ https://t.co/zfyqrKt8MK,0.3818,0.115,0.0,0.885,1
1,@BBC,Sun Jul 15 18:03:07 +0000 2018,"üòÇüçó‚ù§Ô∏èÔ∏è @jackwhitehall's theory about dating and Nando's never gets old...  #LiveAtTheApollo

https://t.co/TBdTRVOVet",0.0,0.0,0.0,1.0,2
2,@BBC,Sun Jul 15 17:04:03 +0000 2018,"The #ThaiCaveRescue boys now know that a volunteer died helping to save them, Thailand‚Äôs health ministry says.‚Ä¶ https://t.co/Nf4Xk3p8ez",0.2023,0.235,0.157,0.609,3
3,@BBC,Sun Jul 15 16:58:50 +0000 2018,"France have won the World Cup! 

It‚Äôs ended #FRA 4-2 #CRO to give the French their second #WorldCup victory. 

üëâ‚Ä¶ https://t.co/MR8ioqCtg7",0.6114,0.166,0.0,0.834,4
4,@BBC,Sun Jul 15 15:41:32 +0000 2018,"RT @BBCSport: GOAL! #FRA 2-1 #CRO 

Griezmann scores from the spot! What a first half this has been.

üì∫ @BBCOne 
üìª @5liveSport 
üì± https://t‚Ä¶",0.0,0.0,0.0,1.0,5
5,@BBC,Sun Jul 15 15:40:59 +0000 2018,"Novak Djokovic is the 2018 #Wimbledon champion, beating Kevin Anderson to win the title for the fourth time. üëè üèÜüôå‚Ä¶ https://t.co/gXfPxodXCn",0.6908,0.259,0.101,0.64,6
6,@BBC,Sun Jul 15 15:21:22 +0000 2018,"RT @BBCSport: GOAL! #FRA 1-0 #CRO 

It's an own goal!

Griezmann's free-kick flicks off the head of Mandzukic and in.

üì∫ @BBCOne 
üìª @5liveS‚Ä¶",0.0,0.0,0.0,1.0,7
7,@BBC,Sun Jul 15 14:55:00 +0000 2018,"‚öΩÔ∏èWho will win the 2018 @FIFAWorldCup?

Head over to @BBCOne right now to watch France vs Croatia live from Moscow.‚Ä¶ https://t.co/QMrhN3DelE",0.5859,0.16,0.0,0.84,8
8,@BBC,Sun Jul 15 14:19:43 +0000 2018,"RT @bbctennis: Plenty of famous faces around Centre Court today! 

- that or a really strange Comic-Con!

#bbctennis #wimbledon https://t.c‚Ä¶",-0.3973,0.0,0.136,0.864,9
9,@BBC,Sun Jul 15 13:21:23 +0000 2018,RT @BBCMOTD: #ENG leave Repino for the last time. Time to come home. https://t.co/0saQQB0VYh,-0.0516,0.0,0.085,0.915,10
10,@BBC,Sun Jul 15 12:59:04 +0000 2018,Ô∏è‚öΩÔ∏è@GaryLineker presents live coverage of France v Croatia in the 2018 World Cup final from Moscow's Luzhniki Stadi‚Ä¶ https://t.co/CAlhSsYMsh,0.0,0.0,0.0,1.0,11
11,@BBC,Sun Jul 15 11:40:02 +0000 2018,Sue Barker presents live build-up to Novak Djokovic vs Kevin Anderson in the men‚Äôs singles final from Wimbledon 201‚Ä¶ https://t.co/AAjf30BYut,0.0,0.0,0.0,1.0,12
12,@BBC,Sun Jul 15 11:01:00 +0000 2018,Should we all be adopting a plant-based diet? https://t.co/ptvgXS9KiZ,0.0,0.0,0.0,1.0,13
13,@BBC,Sun Jul 15 08:04:02 +0000 2018,"üå°üî• How did you sleep last night? 

üò¥ If you're struggling to sleep in this heat, these tips could help... 

https://t.co/IPcOdix95L",-0.4215,0.0,0.118,0.882,14
14,@BBC,Sun Jul 15 07:30:14 +0000 2018,"""I would just sit there silently willing, willing his team to win‚Äù 

The truth about domestic violence and the‚Ä¶ https://t.co/vXxAJNE380",-0.4215,0.094,0.168,0.738,15
15,@BBC,Sun Jul 15 07:03:04 +0000 2018,"Everyone has that one friend who hates camping. ‚õ∫Ô∏èüòÇ @RomeshRanga 

#TheMisadventuresOfRomeshRanganathan

https://t.co/aXISX3x3aS",0.0772,0.199,0.18,0.621,16
16,@BBC,Sat Jul 14 19:03:07 +0000 2018,"Tonight, @reginalddhunter takes a 2,000-mile musical road trip along the US-Mexico border. üé∂

Reginald D Hunter's S‚Ä¶ https://t.co/K4ZHogg1lO",0.0,0.0,0.0,1.0,17
17,@BBC,Sat Jul 14 18:03:04 +0000 2018,There's a clear difference in the way boys and girls behave during a #heatwave. üòÇ‚òÄÔ∏èüå° @JackWhitehall‚Ä¶ https://t.co/SmGTMhnZ3M,0.3818,0.157,0.0,0.843,18
18,@BBC,Sat Jul 14 17:32:50 +0000 2018,üéæ¬†Angelique Kerber beat seven-time champion Serena Williams to win her first #Wimbledon title.‚Ä¶ https://t.co/O7Q0shxwSc,0.8271,0.372,0.0,0.628,19
19,@BBC,Sat Jul 14 16:23:10 +0000 2018,"RT @BBCSport: Angelique Kerber is the #wimbledon champion! üëè

The German beats Serena Williams to lift the trophy for the first time! üôå
 
L‚Ä¶",0.6688,0.152,0.0,0.848,20
20,@BBC,Sat Jul 14 16:03:05 +0000 2018,"""We'll definitely keep in touch!""  üëã *Immediately blocks number* #Extras 

https://t.co/9gVnLDsdq0",0.6476,0.362,0.111,0.527,21
21,@BBC,Sat Jul 14 13:03:04 +0000 2018,A wild banana that may hold the key to protecting the world's edible banana crop has been put on the extinction lis‚Ä¶ https://t.co/iU8sxtarEw,0.0,0.0,0.0,1.0,22
22,@BBC,Sat Jul 14 12:10:55 +0000 2018,"There she goes! üö¢ üåä

The RRS Sir David Attenborough - the UK's polar ship known to some as Boaty McBoatface - is la‚Ä¶ https://t.co/bYll3hTWpa",0.0,0.0,0.0,1.0,23
23,@BBC,Sat Jul 14 12:08:51 +0000 2018,"RT @bbctennis: Meghan Markle has arrived!

The crowd shouted her name as she made her way to Centre Court. She waved üëã

üíªüì± https://t.co/Xg5‚Ä¶",0.5411,0.127,0.0,0.873,24
24,@BBC,Sat Jul 14 12:04:02 +0000 2018,"We all know a hipster restaurant that's taken things a bit too far... üôÑüòÇ 

https://t.co/0N3WTRIUVu",0.0,0.0,0.0,1.0,25
25,@BBC,Sat Jul 14 11:13:46 +0000 2018,"RT @1Xtra: Tonight 9pm @Drake x @CharlieSloth üî•ü¶Ç

#DrakeFITB https://t.co/LpqcF10QvH",0.0,0.0,0.0,1.0,26
26,@BBC,Sat Jul 14 11:07:03 +0000 2018,Sue Barker presents live coverage of Angelique Kerber vs Serena Williams in the women's singles final from Wimbledo‚Ä¶ https://t.co/hFtwDO5Ma3,0.0,0.0,0.0,1.0,27
27,@BBC,Sat Jul 14 10:03:02 +0000 2018,"üò≤The man with world's longest fingernails has had them cut off after 66 years. 

https://t.co/FmC6KX7ZKP",-0.2732,0.0,0.13,0.87,28
28,@BBC,Sat Jul 14 09:54:33 +0000 2018,"RT @CBeebiesHQ: Look WHO is in for tonight's #BedtimeStory ‚è≥üåÄ

@Pearlie_mack reads Ellie's Magic Wellies üìñ

@bbcdoctorwho

@AmySparkes

@Ea‚Ä¶",0.1027,0.069,0.0,0.931,29
29,@BBC,Sat Jul 14 09:07:03 +0000 2018,"This model was bitten by a shark while posing for a photo on holiday. üòÆü¶à
https://t.co/hQ5q69tVBZ https://t.co/TMYfQlnwto",0.4019,0.162,0.0,0.838,30
30,@BBC,Sat Jul 14 08:02:07 +0000 2018,"Meet the 8-year-old yoga expert who is winning national and international prizes. üßò‚Äç‚ôÇÔ∏è

https://t.co/Rn4flrc6vh",0.7506,0.299,0.0,0.701,31
31,@BBC,Sat Jul 14 07:33:07 +0000 2018,"‚ÄúIt‚Äôs a love museum ‚Äì just maybe upside down"". üíî

Welcome to the museum preserving the memories of broken hearts. üëâ‚Ä¶ https://t.co/KK5pBeeWWE",0.25,0.237,0.204,0.559,32
32,@BBC,Sat Jul 14 07:04:02 +0000 2018,"71 years after her death, the UK's forgotten astronomer Annie Maunder is finally getting some recognition. ‚òÑüî≠üå†

https://t.co/fjWUaZC4zQ",-0.7003,0.0,0.266,0.734,33
33,@BBC,Fri Jul 13 20:32:04 +0000 2018,"Gary Barlow and his ten-piece band perform songs including Greatest Day, Back for Good and Rule the World against t‚Ä¶ https://t.co/xAcRAKlkmn",0.7964,0.272,0.0,0.728,34
34,@BBC,Fri Jul 13 18:31:05 +0000 2018,"The world's greatest classical musical festival is back! üé∂üéªüëè @bbcproms 2018

First Night of the Proms | 8:30pm |‚Ä¶ https://t.co/JKCkC5EMMs",0.8268,0.312,0.0,0.688,35
35,@BBC,Fri Jul 13 18:30:37 +0000 2018,"RT @BBCSport: This is some semi-final.

Watch Kevin Anderson and John Isner live on @BBCTwo and online.

https://t.co/gmKgD0Vwbx https://t.‚Ä¶",0.0,0.0,0.0,1.0,36
36,@BBC,Fri Jul 13 17:32:04 +0000 2018,"When someone gets sassy but you've got a killer comeback... üòÇüëè @robbrydon #WILTY

https://t.co/cmdBgsfTm1",-0.7876,0.0,0.331,0.669,37
37,@BBC,Fri Jul 13 17:02:05 +0000 2018,"The best time to plant a tree was 20 years ago. The second best time is now. üå≥

Eight Chinese proverbs to help with‚Ä¶ https://t.co/zqSO489S8G",0.9022,0.335,0.0,0.665,38
38,@BBC,Fri Jul 13 15:59:00 +0000 2018,"When your colleagues ask why you need to leave work at 5pm on the dot... üç∑üíÉ

#FridayFeeling #Versailles https://t.co/Tmba34H72w",-0.0516,0.0,0.062,0.938,39
39,@BBC,Fri Jul 13 15:47:44 +0000 2018,RT @BBCNews: Downton Abbey film finally confirmed https://t.co/VcQvk7lFJb,0.0,0.0,0.0,1.0,40
40,@BBC,Fri Jul 13 15:04:04 +0000 2018,"""I can't pay you, but you can use the photos in your portfolio."" üôÑ  

Every photographer can relate to this. 

https://t.co/AIriphAyym",0.0382,0.048,0.0,0.952,41
41,@BBC,Fri Jul 13 12:03:03 +0000 2018,"The secret to a long, happy relationship? 

Lying, lying and more lying. ‚ù§Ô∏èÔ∏èüòÇ @rhysnicholson

https://t.co/K0t1XAHovC",-0.7579,0.155,0.427,0.418,42
42,@BBC,Fri Jul 13 11:03:03 +0000 2018,"The original 1926 map of The Hundred Acre Wood from Winnie-the-Pooh has sold for a record ¬£430,000. üìñüçØ‚Ä¶ https://t.co/YoDZxpIlLe",0.3182,0.119,0.0,0.881,43
43,@BBC,Fri Jul 13 10:01:02 +0000 2018,RT @bbcproms: A Spectacular curtain raiser last night by @AnnaHMeredith &amp; @59productions  commissioned by @bbcproms @edintfest @1418NOW  in‚Ä¶,0.0,0.0,0.0,1.0,44
44,@BBC,Fri Jul 13 09:59:32 +0000 2018,RT @BBCTheOneShow: It's @ChrisGPackham UK Bioblitz 2018. Over ten days Chris &amp; his team will visit 50 wildlife sites in the UK to highlight‚Ä¶,0.0,0.0,0.0,1.0,45
45,@BBC,Fri Jul 13 08:03:04 +0000 2018,"Who is the mysterious Hester Appleyard?

Natalie Dormer spills the beans on her enigmatic role in‚Ä¶ https://t.co/6oHcD9SONr",0.0,0.0,0.0,1.0,46
46,@BBC,Fri Jul 13 07:27:05 +0000 2018,"""I think the NHS is one of the biggest assets we have in this country,"" says @JonniePeacock.‚Ä¶ https://t.co/PTiCP0xeHc",0.1779,0.091,0.0,0.909,47
47,@BBC,Fri Jul 13 07:03:02 +0000 2018,"‚ö†Ô∏è Watch out! ‚ö†Ô∏è Today is Friday the 13th...

üìÜüò∞ But why is this date considered unlucky?

https://t.co/RJelR8Rw6p",-0.4003,0.0,0.187,0.813,48
48,@BBC,Thu Jul 12 20:02:02 +0000 2018,"üò∫üé¨ Meet Lisio, the ginger cat who jumped onto his owner's shoulders during a serious TV interview.

üëâ‚Ä¶ https://t.co/7DmhNcHnU6",-0.0772,0.0,0.071,0.929,49
49,@BBC,Thu Jul 12 18:04:07 +0000 2018,"Great Britain's John Curry was the world's first out gay Olympian. This is his story. ‚õ∏

https://t.co/8kFobV3AWe",0.6249,0.194,0.0,0.806,50
50,@BBC,Thu Jul 12 17:03:06 +0000 2018,Not all heroes wear capes. This Australian diving doctor abandoned his holiday to stay with the boys trapped in a c‚Ä¶ https://t.co/BRaTqIJP19,-0.7271,0.137,0.313,0.55,51
51,@BBC,Thu Jul 12 16:03:02 +0000 2018,"Orkney‚Äôs mysterious stone circles are older than Stonehenge... 

https://t.co/Cbuq22PkVm",0.0,0.0,0.0,1.0,52
52,@BBC,Thu Jul 12 14:47:18 +0000 2018,"RT @BBCOne: Love and trust, shattered by secrets and lies. Keeping Faith from @BBCWales starring @TeamEveMyles starts tonight at 9pm on BBC‚Ä¶",0.6597,0.31,0.178,0.512,53
53,@BBC,Thu Jul 12 13:04:03 +0000 2018,"The university access watchdog says students' backgrounds should be taken into account when awarding places, to imp‚Ä¶ https://t.co/q9vW9zt46B",0.4404,0.146,0.0,0.854,54
54,@BBC,Thu Jul 12 12:04:04 +0000 2018,"Why are more parents around the world choosing to raise only children?

https://t.co/bWil43TvES",0.0,0.0,0.0,1.0,55
55,@BBC,Thu Jul 12 11:43:48 +0000 2018,"RT @BBCFOUR: Dr Lucy Worsley shows how Britain's new ruling family fought the French, the Jacobites and each other, all at the same time. T‚Ä¶",-0.3182,0.0,0.087,0.913,56
56,@BBC,Thu Jul 12 11:02:03 +0000 2018,Meet the people getting the @bbcproms off to a spectacular start. üòçüé∂üéª https://t.co/rD5I0XXrLz https://t.co/5im1Tokqsr,0.0,0.0,0.0,1.0,57
57,@BBC,Thu Jul 12 10:30:00 +0000 2018,"‚ôªÔ∏èü•õMeet the schoolchildren who redesigned their milk cartons without plastic straws. 

Their school now uses fully‚Ä¶ https://t.co/hK4M1UtcHk",0.0,0.0,0.0,1.0,58
58,@BBC,Thu Jul 12 08:03:03 +0000 2018,"Adam can't hide the fact that he has a stutter, and he doesn't want to anymore.

https://t.co/JVzJkk828L",-0.1788,0.086,0.182,0.733,59
59,@BBC,Thu Jul 12 07:31:08 +0000 2018,"Native wildlife is ""flocking back"" to the Outer Hebrides following a 17-year project to eradicate the American mink‚Ä¶ https://t.co/QbGQddmWyW",0.0,0.0,0.0,1.0,60
60,@BBC,Thu Jul 12 07:03:04 +0000 2018,"Walrus siestas can last a week! üí§ These incredible creatures know how to nap... 

https://t.co/qZRpNBkpuc",-0.3595,0.0,0.161,0.839,61
61,@BBC,Wed Jul 11 20:39:03 +0000 2018,"It‚Äôs not coming home. üíî

But it's been an incredible journey. ‚ô•Ô∏è

https://t.co/TrqeqzfTUq  #ENG #WorldCup‚Ä¶ https://t.co/nCoN5lDJys",0.1967,0.095,0.0,0.905,62
62,@BBC,Wed Jul 11 20:23:23 +0000 2018,"RT @BBCSport: GOAL

Mario Mandzukic drills Croatia in front.

#CRO 2-1 #ENG 

LIVE:
üì± https://t.co/C5GtYW7jpj 
üìª @5liveSport 

#ENGCRO #Wor‚Ä¶",0.0,0.0,0.0,1.0,63
63,@BBC,Wed Jul 11 20:03:46 +0000 2018,"RT @BBCSport: Extra-time it is... and we're underway...

How are your nerves?

#CRO 1-1 #ENG 

LIVE:
üì± https://t.co/C5GtYW7jpj 
üìª @5liveSpo‚Ä¶",-0.1027,0.0,0.065,0.935,64
64,@BBC,Wed Jul 11 19:52:13 +0000 2018,"Full time: #CRO 1-1 #ENG 

Who's ready for another 30 minutes?

Follow it live: 
üì± https://t.co/TrqeqzfTUq  
üìª‚Ä¶ https://t.co/CuPZrrxFEW",0.3612,0.122,0.0,0.878,65
65,@BBC,Wed Jul 11 19:49:56 +0000 2018,RT @BBCBreakfast: No fingernails left... https://t.co/E4oE20owSY,-0.296,0.0,0.306,0.694,66
66,@BBC,Wed Jul 11 19:27:11 +0000 2018,"RT @BBCSport: GOAL 

#CRO 1-1 #ENG 

Ivan Perisic meets a cross to flick Croatia level.

LIVE:
üì± https://t.co/C5GtYW7jpj 
üìª @5liveSport htt‚Ä¶",0.0,0.0,0.0,1.0,67
67,@BBC,Wed Jul 11 19:20:29 +0000 2018,"It doesn't matter where you're watching, as long as you're watching. ‚öΩÔ∏è‚öΩÔ∏è‚öΩÔ∏è

Millions of #ENG fans are watching‚Ä¶ https://t.co/geST9JHDr4",-0.0191,0.0,0.056,0.944,68
68,@BBC,Wed Jul 11 19:16:46 +0000 2018,"RT @5liveSport: Only three men have ever scored for #ENG in a semi-final of a #WorldCup

‚öΩ Sir Bobby Charlton
‚öΩ @GaryLineker
‚öΩ Kieran Tripp‚Ä¶",0.0,0.0,0.0,1.0,69
69,@BBC,Wed Jul 11 19:02:33 +0000 2018,"RT @BBCOne: We‚Äôre pretty sure that exactly 53% of the population is covered in beer right now ü§îü§ó #ENGCRO #WorldCup

https://t.co/l5UTbo9n7x",0.6705,0.224,0.0,0.776,70
70,@BBC,Wed Jul 11 19:02:02 +0000 2018,A gripping reimagining of Joan Lindsay's iconic novel that delves into the mysterious disappearances of three schoo‚Ä¶ https://t.co/d4nPoQXIYJ,0.3182,0.126,0.0,0.874,71
71,@BBC,Wed Jul 11 18:50:03 +0000 2018,"Half time in Moscow. 

#CRO 0-1 #ENG
Ôøº
Follow:

üì± https://t.co/5KN3TtJ2Zz  
üìª @5livesport

#ENGCRO #WorldCup https://t.co/TVSyyaX8dl",0.0,0.0,0.0,1.0,72
72,@BBC,Wed Jul 11 18:06:07 +0000 2018,"RT @BBCSport: GOAL!

What a start! What a goal!

Kieran Trippier whips a free-kick right in! 

#CRO 0-1 #ENG 

LIVE: 
üì± https://t.co/C5GtYW‚Ä¶",0.0,0.0,0.0,1.0,73
73,@BBC,Wed Jul 11 18:00:11 +0000 2018,"It's time. ‚öΩÔ∏è

#ENGCRO #worldcup #bbcworldcup https://t.co/A0zRUx5CVK",0.0,0.0,0.0,1.0,74
74,@BBC,Wed Jul 11 17:57:05 +0000 2018,"Prince Harry knows... #ItsComingHome Ô∏è‚öΩÔ∏è‚û°Ô∏èüè†

#ENGCRO #ENG #WorldCup #ThreeLions 

https://t.co/ouBlfHLWry",0.0,0.0,0.0,1.0,75
75,@BBC,Wed Jul 11 17:01:04 +0000 2018,"The @BBCEastenders prediction for tonight's #WorldCup semi-final? 

""Ta-ta Croatia!"" üëãüòÇ @MrDDyer

#ThreeLions‚Ä¶ https://t.co/wRv1AlP9s6",0.0,0.0,0.0,1.0,76
76,@BBC,Wed Jul 11 16:01:05 +0000 2018,"What's that David Attenborough... it's coming home? üè¥Û†ÅßÛ†Å¢Û†Å•Û†ÅÆÛ†ÅßÛ†ÅøÔ∏è‚öΩÔ∏èüèÜüòÜ

üîä Turn your sound on!  üîä

#WorldCup #ThreeLions‚Ä¶ https://t.co/fkYYIqg2fO",0.0,0.0,0.0,1.0,77
77,@BBC,Wed Jul 11 13:03:06 +0000 2018,The National Gallery has acquired its first work by a woman for 27 years. üñå https://t.co/WkCtpvqKtN https://t.co/NZRjCCw3z5,0.0,0.0,0.0,1.0,78
78,@BBC,Wed Jul 11 11:32:03 +0000 2018,"The last time #ENG played a #WorldCup Semi Final, @bbceastenders looked like this... https://t.co/JeYtBettzm",0.5994,0.308,0.0,0.692,79
79,@BBC,Wed Jul 11 11:02:02 +0000 2018,"ü§î Game Boys, Vanilla Ice and a new TV programme called 'The Simpsons'... 

This is what #England looked like last t‚Ä¶ https://t.co/YTCXpNJvqb",0.3612,0.106,0.0,0.894,80
80,@BBC,Wed Jul 11 09:53:20 +0000 2018,"RT @BBCSport: Just hold on...it's coming home.

#WorldCup #ThreeLions https://t.co/TCTpYhNV1s",0.0,0.0,0.0,1.0,81
81,@BBC,Wed Jul 11 09:32:05 +0000 2018,"This will give you goosebumps. 

The last time England won a #WorldCup semi-final it was a 2-1 victory over Portuga‚Ä¶ https://t.co/2gRGni9S3y",0.5719,0.171,0.0,0.829,82
82,@BBC,Wed Jul 11 09:04:05 +0000 2018,"In this city, a six-figure salary is considered 'low income' and not enough for a family of four to get by on.‚Ä¶ https://t.co/1qyDWTPSrG",-0.2732,0.0,0.095,0.905,83
83,@BBC,Wed Jul 11 08:00:00 +0000 2018,"#BluePlanet2 ‚úÖ 
That unforgettable concert ‚úÖ 
Brilliant Bedtime Stories ‚úÖ
A new Doctor ‚úÖ
and so much more. Here are‚Ä¶ https://t.co/ZVSKIHOXDk",0.5859,0.109,0.0,0.891,84
84,@BBC,Wed Jul 11 07:39:04 +0000 2018,"RT @BBCSport: More of this please! üòä

#ENGCRO #ENG #ThreeLions #bbcworldcup https://t.co/706Vsdfy2Y",0.8499,0.416,0.0,0.584,85
85,@BBC,Wed Jul 11 07:33:03 +0000 2018,"üíà‚öΩÔ∏èüôåüèæ Dead trims, missed penalties, 30 yard screamers, calling players out, football coming home...‚Ä¶ https://t.co/ZrrQJ1Qn9h",-0.8402,0.0,0.429,0.571,86
86,@BBC,Wed Jul 11 07:03:05 +0000 2018,"üå°üî•‚òÄÔ∏è This one goes out to all the gingers braving the sun today... 

https://t.co/4Ed3y2Xp0f",0.0,0.0,0.0,1.0,87
87,@BBC,Tue Jul 10 20:02:05 +0000 2018,"The heatwave has unveiled ancient hillforts and Roman settlements in Wales. üëâ
 https://t.co/L1VdHWkMP7 https://t.co/luXjJV5v3Y",0.0,0.0,0.0,1.0,88
88,@BBC,Tue Jul 10 19:04:02 +0000 2018,"Take a look at the rollercoaster years at Nokia, a company that dominated a nation. 

The Rise and Fall of Nokia |‚Ä¶ https://t.co/7uflzUaeTj",0.0,0.0,0.0,1.0,89
89,@BBC,Tue Jul 10 18:04:04 +0000 2018,"Can you feel richer by giving your money away? üí∏ This lottery winner thinks so.

https://t.co/BgKlrEfssV",0.8625,0.39,0.0,0.61,90
90,@BBC,Tue Jul 10 17:31:05 +0000 2018,"'I wanted to live inside you like a parasite'. 

A letter to my first love üíåüëâ https://t.co/batgnuHRoi https://t.co/G0kGuLzHqU",0.7717,0.324,0.0,0.676,91
91,@BBC,Tue Jul 10 15:32:02 +0000 2018,"üôÖNo one likes making mistakes, but messing up isn‚Äôt always a bad thing.

Here are six reasons why making mistakes c‚Ä¶ https://t.co/N7jMLZKLcE",-0.8338,0.066,0.34,0.593,92
92,@BBC,Tue Jul 10 15:14:38 +0000 2018,"RT @bbctennis: Serena Williams has some pretty big names supporting her.

Oh hey, @Drake 

LIVEüëâhttps://t.co/RIpcahMeKm
üì∫ @BBCOne 
#bbctenn‚Ä¶",0.7269,0.276,0.0,0.724,93
93,@BBC,Tue Jul 10 13:01:05 +0000 2018,"No one does strawberries like we do in Britain! üçìüá¨üáßüç¶

Now they're in season, make the most of these delicious straw‚Ä¶ https://t.co/QKdHxenZNu",0.6763,0.242,0.079,0.68,94
94,@BBC,Tue Jul 10 12:18:03 +0000 2018,'Everyone safe': all 12 members of a Thai youth football team and their coach have been brought safely out of the c‚Ä¶ https://t.co/c5bzSFM2ND,0.4939,0.132,0.0,0.868,95
95,@BBC,Tue Jul 10 12:03:04 +0000 2018,"Neelam and Dinesh‚Äôs son Akash took his own life three years ago. 

Now they‚Äôre trying to get the British Asian comm‚Ä¶ https://t.co/pX5ZIH2mj3",0.0,0.0,0.0,1.0,96
96,@BBC,Tue Jul 10 11:33:00 +0000 2018,"Ever found something weird and wonderful on a British beach? 

@BBCFOUR will be LIVE from the Jurassic Coast next w‚Ä¶ https://t.co/CY4ej7SjQh",0.4588,0.158,0.073,0.769,97
97,@BBC,Tue Jul 10 11:04:01 +0000 2018,"Have you ever seen a baby puffin? üê£

Experts worry we may not get the chance in the future if Scotland‚Äôs puffin pop‚Ä¶ https://t.co/uRKs7VXQMv",-0.5632,0.0,0.174,0.826,98
98,@BBC,Tue Jul 10 09:17:05 +0000 2018,RT @bbcweather: Remember to look up around 1pm today if you're in London / SE / Suffolk / Colchester / Chelmsford for the @RoyalAirForce #R‚Ä¶,0.0,0.0,0.0,1.0,99
99,@BBC,Tue Jul 10 09:06:27 +0000 2018,"RT @BBCOne: ‚ÄúI felt like a piece of meat at a meat market‚Äù.

@BBCPanorama investigates President Donald Trump.

Tonight | 8.30pm | BBC One‚Ä¶",0.3612,0.116,0.0,0.884,100
100,@CBS,Fri Jul 13 21:35:01 +0000 2018,"Stand up. Speak up. Blow the whistle. 

Don't miss the premiere of the @TrueCrimeCBS series #Whistleblower tonight‚Ä¶ https://t.co/uNhx4Codc2",0.1139,0.078,0.0,0.922,1
101,@CBS,Fri Jul 13 21:15:41 +0000 2018,"RT @TheNeighborhood: There's a new family on the block, and they're about to turn this neighborhood upside down. @CedEntertainer and @Tichi‚Ä¶",-0.4404,0.0,0.132,0.868,2
102,@CBS,Fri Jul 13 17:49:38 +0000 2018,Take a walk down @YandR_CBS memory lane with stars @JessWaltonYR and Peter Bergman! You can watch full episodes of‚Ä¶ https://t.co/MZEUfiJJyb,0.0,0.0,0.0,1.0,3
103,@CBS,Thu Jul 12 01:01:24 +0000 2018,RT @TKOCBS: Prepare to have some major FUN. #TKO starts NOW! https://t.co/i2ftL6GCj5,0.6514,0.282,0.0,0.718,4
104,@CBS,Wed Jul 11 21:44:45 +0000 2018,"It‚Äôs fun, different, unique, and finally here! @TKOCBS hosted by @KevinHart4real premieres at 9/8c on CBS and‚Ä¶ https://t.co/MCeVLVK85i",0.5562,0.174,0.0,0.826,5
105,@CBS,Wed Jul 11 19:09:34 +0000 2018,"RT @MagnumPICBS: Talk about hands-on research! #MagnumPI's cast had the honor of joining the US Navy Submarine Force, US Pacific Fleet #Sub‚Ä¶",0.5411,0.143,0.0,0.857,6
106,@CBS,Mon Jul 09 23:55:07 +0000 2018,Time to mark your calendars! CBS' fall 2018 premiere lineup has been announced: https://t.co/yYv3H9aEO7 https://t.co/lRxAA7suie,0.0,0.0,0.0,1.0,7
107,@CBS,Mon Jul 09 18:53:34 +0000 2018,"RT @TKOCBS: The Ball Buster, the Frisboom, the Spike Launcher, and the Slammer‚Ä¶ Get to know all of the #TKO Battle Stations: https://t.co/2‚Ä¶",-0.3818,0.0,0.106,0.894,8
108,@CBS,Mon Jul 09 18:09:00 +0000 2018,"RT @cbsallaccess: How much does it cost to bury the truth? #OneDollar premieres August 30, exclusively on CBS All Access. https://t.co/2HdY‚Ä¶",0.3182,0.103,0.0,0.897,9
109,@CBS,Fri Jul 06 22:22:55 +0000 2018,"RT @SalvationCBS: Mark your calendars, #Salvies: Monday's new #SalvationCBS will air at a special time, 10/9c. https://t.co/RUh1J7cfj8",0.4019,0.153,0.0,0.847,10
110,@CBS,Fri Jul 06 18:26:37 +0000 2018,Happy #InternationalKissingDay! See which stars we caught locking lips on the CBS Kiss Cam. üòò https://t.co/oMPCHZlgCl,0.8622,0.39,0.0,0.61,11
111,@CBS,Thu Jul 05 21:12:17 +0000 2018,Have you heard? Tonight's the first Live Show of #BB20. Grab a seat and get ready to watch the action unfold on CBS‚Ä¶ https://t.co/0YgRV1HLGd,0.3612,0.102,0.0,0.898,12
112,@CBS,Mon Jul 02 21:13:11 +0000 2018,"How much does it cost to bury the truth? #OneDollar premieres Thursday, August 30, exclusively on CBS All Access.‚Ä¶ https://t.co/1tab8eCaFz",0.3182,0.108,0.0,0.892,13
113,@CBS,Mon Jul 02 20:47:32 +0000 2018,Take a first look at our @Comic_Con lineup along with details of what you can expect to see:‚Ä¶ https://t.co/JqBtlKcwq3,0.0,0.0,0.0,1.0,14
114,@CBS,Mon Jul 02 17:27:06 +0000 2018,RT @TrueCrimeCBS: Two new true-crime series are set to premiere this July on CBS! Learn more about #Whistleblower and #PinkCollarCrimes bef‚Ä¶,0.0,0.0,0.0,1.0,15
115,@CBS,Mon Jul 02 17:00:02 +0000 2018,"If at first you don‚Äôt succeed on @PriceIsRight‚Ä¶bid, bid again! https://t.co/OWBaOsFZ3i",0.5411,0.259,0.0,0.741,16
116,@CBS,Wed Jun 27 20:31:32 +0000 2018,What‚Äôs summer without @CBSBigBrother? ‚òÄÔ∏è RT if you‚Äôre counting down the hours to the #BB20 premiere TONIGHT at 8/7c‚Ä¶ https://t.co/Xp1s4Fp5J8,0.0,0.0,0.0,1.0,17
117,@CBS,Wed Jun 27 14:00:01 +0000 2018,"It looks like you...

(‚Ä¢_‚Ä¢)
( ‚Ä¢_‚Ä¢)&gt;‚åê‚ñ†-‚ñ†
(‚åê‚ñ†_‚ñ†)

Have a lot of TV to watch!

Celebrate #NationalSunglassesDay with H‚Ä¶ https://t.co/Babt4ajIgV",0.7574,0.289,0.0,0.711,18
118,@CBS,Mon Jun 25 18:20:25 +0000 2018,The world will finally know the truth. ‚òÑÔ∏è Make sure to tune in to the heart-pounding Season 2 premiere of‚Ä¶ https://t.co/mqMleW90DY,0.5574,0.204,0.0,0.796,19
119,@CBS,Fri Jun 22 21:19:06 +0000 2018,Tonight's the night! Don't miss model @ashleygraham on the season finale of Celebrity @undercover_cbs at 8/7c. https://t.co/iBxAOcOF7a,0.1867,0.098,0.0,0.902,20
120,@CBS,Fri Jun 22 18:33:53 +0000 2018,"Every day is #TakeYourDogToWorkDay for shows like @HawaiiFive0CBS, @MomCBS, @SEALTeamCBS, and @bigbangtheory! https://t.co/DJaOt1VQcw",0.4199,0.189,0.0,0.811,21
121,@CBS,Thu Jun 21 23:29:50 +0000 2018,"Lights, camera, selfie! üì∏¬†Could there be a better photo for #NationalSelfieDay? https://t.co/14Ewx64yKC",0.4926,0.197,0.0,0.803,22
122,@CBS,Wed Jun 20 00:39:01 +0000 2018,There‚Äôs nothing quite like watching a contestant win a brand new car on @PriceIsRight. üëè  https://t.co/aKlFikYAMM,0.3555,0.199,0.122,0.68,23
123,@CBS,Mon Jun 18 20:27:50 +0000 2018,Time to make your predictions for #BB20! üëè Get to know the @CBSBigBrother Houseguests before the big premiere next‚Ä¶ https://t.co/jlpIchJ9sk,0.0,0.0,0.0,1.0,24
124,@CBS,Mon Jun 18 15:00:46 +0000 2018,RT @CBSBigBrother: Meet the cast of #BB20... before anyone else! Start streaming all their live interviews beginning at 11am EST/8am PST on‚Ä¶,0.0,0.0,0.0,1.0,25
125,@CBS,Sun Jun 17 13:00:01 +0000 2018,"Today and every day we celebrate their love, guidance, and support. Happy #FathersDay to every kind of dad! https://t.co/Wffax1khBH",0.9392,0.493,0.0,0.507,26
126,@CBS,Fri Jun 15 18:48:29 +0000 2018,"Casting Alert! @paulwesley, @DaniaJRamirez &amp; @JamesWolk are set to star in the upcoming CBS All Access psychologica‚Ä¶ https://t.co/JnZMrzT92n",0.3595,0.128,0.0,0.872,27
127,@CBS,Thu Jun 14 17:30:00 +0000 2018,"In case you missed it, watch the entire #TonyAwards now: https://t.co/Bm0yNV3Ff3 https://t.co/h3YnFkmSQJ",-0.296,0.0,0.167,0.833,28
128,@CBS,Thu Jun 14 16:19:32 +0000 2018,RT @StrangeAngel: Mastermind or maniac? Explore the brilliant mind of Jack Parsons in #StrangeAngel. Now streaming on CBS All Access: https‚Ä¶,0.1779,0.147,0.12,0.734,29
129,@CBS,Tue Jun 12 00:19:23 +0000 2018,"No pain, no gain, ALL Hart! Just one month until the premiere of @TKOCBS hosted by @KevinHart4real. https://t.co/C1yMCglxVn",-0.5562,0.134,0.315,0.551,30
130,@CBS,Mon Jun 11 22:23:06 +0000 2018,"RT @TheNeighborhood: Welcome to #TheNeighborhood, @BethBehrs! The @2BrokeGirls star returns to @CBS in a new sitcom alongside @CedEntertain‚Ä¶",0.5093,0.171,0.0,0.829,31
131,@CBS,Mon Jun 11 19:01:38 +0000 2018,"In case you missed it, watch the entire #TonyAwards now: https://t.co/Bm0yNV3Ff3 https://t.co/3GA5otlcPa",-0.296,0.0,0.167,0.833,32
132,@CBS,Mon Jun 11 14:00:37 +0000 2018,How do you know @SaraBareilles and @joshgroban's music? #TonyAwards https://t.co/POMXBORfUT,0.0,0.0,0.0,1.0,33
133,@CBS,Mon Jun 11 06:19:36 +0000 2018,Here are all the performances from the 2018 #TonyAwards: https://t.co/gN4ItpFlRd https://t.co/fSMNBXKC9r,0.0,0.0,0.0,1.0,34
134,@CBS,Mon Jun 11 06:04:41 +0000 2018,See the complete list of winners from the 2018 #TonyAwards: https://t.co/9XK6CGeber https://t.co/HkUIN4Quej,0.4767,0.22,0.0,0.78,35
135,@CBS,Mon Jun 11 03:10:33 +0000 2018,An end to a magical evening. The Band's Visit wins for Best Musical! #TonyAwards https://t.co/ODza97n8YH,0.8478,0.406,0.0,0.594,36
136,@CBS,Mon Jun 11 03:02:06 +0000 2018,Congratulations are in order for @TheKatrinaLenk! She just won for Best Leading Actress in a Musical. #TonyAwards https://t.co/t9bNvpiEmH,0.92,0.463,0.0,0.537,37
137,@CBS,Mon Jun 11 02:58:30 +0000 2018,"RT @CBSThisMorning: Hmm... something seems off here @SaraBareilles @JoshGroban. üòÇ

@WaitressMusical @GreatCometBway #TonyAwards https://t.c‚Ä¶",0.4404,0.175,0.088,0.737,38
138,@CBS,Mon Jun 11 02:56:40 +0000 2018,RT @_stobin13: watching the #TonyAwards after going to 3 broadway shows this weekend makes it even better üòçü§©,0.4404,0.153,0.0,0.847,39
139,@CBS,Mon Jun 11 02:56:10 +0000 2018,Tony Shalhoub wins Best Leading Actor in a Musical. #TonyAwards   #TheBandsVisit https://t.co/KcUDSicKI5,0.836,0.467,0.0,0.533,40
140,@CBS,Mon Jun 11 02:53:00 +0000 2018,The Boss looks right at home on the #TonyAwards stage! https://t.co/pwjv4iydkn,0.0,0.0,0.0,1.0,41
141,@CBS,Mon Jun 11 02:47:29 +0000 2018,RT @Aatamianphoto: Springsteen is on the #TonyAwards and I love it.,0.6369,0.318,0.0,0.682,42
142,@CBS,Mon Jun 11 02:44:50 +0000 2018,Inspiration: Get to your YES! #OnceOnThisIsland #TonyAwards https://t.co/Wjp0QIWfXq,0.7978,0.543,0.0,0.457,43
143,@CBS,Mon Jun 11 02:44:37 +0000 2018,The feeling when you win a Tony. üôå¬†Congratulations to Once on This Island for winning Best Revival of a Musical!‚Ä¶ https://t.co/UpFCqgBTwh,0.9523,0.516,0.0,0.484,44
144,@CBS,Mon Jun 11 02:33:09 +0000 2018,What a beautiful performance by the cast of #TheBandsVisit. #TonyAwards https://t.co/4Hw96kZvrf,0.5994,0.302,0.0,0.698,45
145,@CBS,Mon Jun 11 02:29:18 +0000 2018,"""I'm a living example of how theatre can change you - and it didn't just change me, it saved me."" @JohnLeguizamo at‚Ä¶ https://t.co/4ICwMhb6hv",0.4215,0.123,0.0,0.877,46
146,@CBS,Mon Jun 11 02:23:56 +0000 2018,Angels in America takes the win for Best Revival of a Play! #TonyAwards https://t.co/zodW61tw8a,0.8932,0.517,0.0,0.483,47
147,@CBS,Mon Jun 11 02:21:03 +0000 2018,"RT @leahableson: The Once On This Island Goat And Chicken made it to the broadcast, Mama WILL provide #TonyAwards",0.0,0.0,0.0,1.0,48
148,@CBS,Mon Jun 11 02:16:06 +0000 2018,That performance was the GOAT. #TonyAwards https://t.co/mtoU92HipQ,0.0,0.0,0.0,1.0,49
149,@CBS,Mon Jun 11 02:11:03 +0000 2018,Harry Potter and the Cursed Child wins Best Play at the #TonyAwards! @HPPlayNYC https://t.co/WIqJQmtAlN,0.8908,0.491,0.0,0.509,50
150,@CBS,Mon Jun 11 02:05:47 +0000 2018,üé∂ ‚ÄúLet's dance this last dance tonight.‚Äù üé∂ #TonyAwards #DonnaSummerMusical https://t.co/UAIaglChfv,0.0,0.0,0.0,1.0,51
151,@CBS,Mon Jun 11 02:03:31 +0000 2018,Hope he brought enough birthday cake for everyone! #TonyAwards https://t.co/FlLbKV6oj8,0.4926,0.262,0.0,0.738,52
152,@CBS,Mon Jun 11 01:58:48 +0000 2018,@writerlindsayb You're welcome! #TonyAwards,0.5093,0.523,0.0,0.477,53
153,@CBS,Mon Jun 11 01:53:17 +0000 2018,RT @hjmayer8: I sure do love @DearEvanHansen üíô #TonyAwards,0.7579,0.481,0.0,0.519,54
154,@CBS,Mon Jun 11 01:51:16 +0000 2018,"RT @Valerie4815: What a birthday present, the Tony audience singing happy birthday to you!! #TonyAwards",0.6467,0.248,0.0,0.752,55
155,@CBS,Mon Jun 11 01:38:23 +0000 2018,If only this performance could go on forever. #TonyAwards @FrozenBroadway https://t.co/p2BMUvyTxr,0.0,0.0,0.0,1.0,56
156,@CBS,Mon Jun 11 01:37:36 +0000 2018,RT @anna_villanueva: Magnificent performance from the cast of @FrozenBroadway! #TonyAwards2018 #TonyAwards #Tonys,0.636,0.276,0.0,0.724,57
157,@CBS,Mon Jun 11 01:30:56 +0000 2018,Glenda Jackson wins Best Leading Actress in a Play. #TonyAwards @threetallwomen https://t.co/GRp1gcBuiW,0.8834,0.563,0.0,0.437,58
158,@CBS,Mon Jun 11 01:29:21 +0000 2018,.@SaraBareilles is totally a Gryffindor. #TonyAwards https://t.co/OPQ7esk2dn,0.0,0.0,0.0,1.0,59
159,@CBS,Mon Jun 11 01:26:03 +0000 2018,RT @IzzyNY202: How impressive are these Marjory Stoneman Douglas students? That #TonyAwards performance reduced me to tears. Amazing.,0.7351,0.296,0.079,0.625,60
160,@CBS,Mon Jun 11 01:25:59 +0000 2018,RT @KatLargent: MAGIC #TonyAwards,0.0,0.0,0.0,1.0,61
161,@CBS,Mon Jun 11 01:24:46 +0000 2018,Such a touching moment at the #TonyAwards. ‚ù§Ô∏è https://t.co/4kJWTHVPZ8,0.0,0.0,0.0,1.0,62
162,@CBS,Mon Jun 11 01:24:12 +0000 2018,.@Matt_Morrison welcomes the Marjory Stoneman Douglas High School theatre department to the stage. #TonyAwards https://t.co/5dxa9smeka,0.4019,0.162,0.0,0.838,63
163,@CBS,Mon Jun 11 01:19:59 +0000 2018,So many feels at the #TonyAwards. Congratulations to @arielstachel for winning Best Featured Actor in a Musical!‚Ä¶ https://t.co/m1aRNIHPRK,0.9151,0.457,0.0,0.543,64
164,@CBS,Mon Jun 11 01:12:31 +0000 2018,RT @McBenefit: I love everything about you @UzoAduba. #TonyAwards,0.6369,0.375,0.0,0.625,65
165,@CBS,Mon Jun 11 01:08:28 +0000 2018,RT if that musical number by the cast of Carousel blew you away! #TonyAwards https://t.co/CMzMNtcAQO,0.1511,0.102,0.0,0.898,66
166,@CBS,Mon Jun 11 01:08:24 +0000 2018,Nathan Lane saw his #AngelsinAmerica role as a challenge. How will you challenge yourself in 2018? #TonyAwards https://t.co/3WXd6AqgBi,0.1531,0.148,0.0,0.852,67
167,@CBS,Mon Jun 11 01:02:47 +0000 2018,Nathan Lane wins Best Featured Actor in a Play. #TonyAwards @angelsbway https://t.co/xc8M7JtLDE,0.8834,0.563,0.0,0.437,68
168,@CBS,Mon Jun 11 00:58:06 +0000 2018,üåü¬†@joshgroban and @SaraBareilles are Host Goals. üåü #TonyAwards https://t.co/OGQec8cXJ6,0.0,0.0,0.0,1.0,69
169,@CBS,Mon Jun 11 00:52:34 +0000 2018,RT @adub369: This is unbelievable! @SaraBareilles and @joshgroban #TonyAwards,0.2714,0.207,0.0,0.793,70
170,@CBS,Mon Jun 11 00:51:11 +0000 2018,Who lives in a pineapple and just performed at The Tonys? üççüé∂ The cast of SpongeBob SquarePants: The Musical!‚Ä¶ https://t.co/mvFxdh9UJi,0.0,0.0,0.0,1.0,71
171,@CBS,Mon Jun 11 00:50:18 +0000 2018,‚ú® @LindsayMendez wins Best Featured Actress in a Musical! #TonyAwards @carouselbway https://t.co/MtgFowscN5,0.8883,0.567,0.0,0.433,72
172,@CBS,Mon Jun 11 00:45:14 +0000 2018,A big congratulations to @springsteen for his Special Tony award! ‚ú®¬†#TonyAwards https://t.co/i16u8uv9aT,0.9134,0.613,0.0,0.387,73
173,@CBS,Mon Jun 11 00:44:36 +0000 2018,Can the 73rd annual #TonyAwards just be three-hours of @TitussBurgess? https://t.co/3rCZwwTUtv,0.0,0.0,0.0,1.0,74
174,@CBS,Mon Jun 11 00:35:41 +0000 2018,"RT @CBSThisMorning: ""We know there are a lot of you out there who have photos of yourself in school plays or community theater."" Post your‚Ä¶",0.25,0.08,0.0,0.92,75
175,@CBS,Mon Jun 11 00:34:45 +0000 2018,Keep your acceptance speeches short or else the #TonyAwards will get the angels involved. #AngelsInAmerica üëº https://t.co/oznhezRzDc,0.4588,0.15,0.0,0.85,76
176,@CBS,Mon Jun 11 00:31:28 +0000 2018,"If you haven't started singing, you will be the rest of the night. #TonyAwards #MyFairLady https://t.co/jbGXwnru8N",0.0,0.0,0.0,1.0,77
177,@CBS,Mon Jun 11 00:27:42 +0000 2018,RT @marialena_rago: I like this opener for @MyFairLadyBway #TonyAwards,0.3612,0.263,0.0,0.737,78
178,@CBS,Mon Jun 11 00:27:00 +0000 2018,Laurie Metcalf wins Best Featured Actress in a Play! #TonyAwards @threetallwomen https://t.co/y4teyJaRPs,0.8908,0.57,0.0,0.43,79
179,@CBS,Mon Jun 11 00:24:31 +0000 2018,Tina Fey has a boat?? #MeanGirls #TonyAwards https://t.co/phYxmHMd3d,0.0,0.0,0.0,1.0,80
180,@CBS,Mon Jun 11 00:22:15 +0000 2018,Representing the hardest-working men and women in Broadway‚Ä¶¬†ensemble members from every nominated musical tonight!‚Ä¶ https://t.co/imlEEnOUla,0.0,0.0,0.0,1.0,81
181,@CBS,Mon Jun 11 00:22:15 +0000 2018,RT @misschae: I love theatre so much. #TonyAwards,0.6369,0.412,0.0,0.588,82
182,@CBS,Mon Jun 11 00:18:16 +0000 2018,On Wednesdays they wear pink and on Sundays they perform at the #TonyAwards. üíï Who thought that performance by the‚Ä¶ https://t.co/w7QDkaX6kF,0.0,0.0,0.0,1.0,83
183,@CBS,Mon Jun 11 00:13:27 +0000 2018,"RT @MichaelJMoritz: ""We are all made perfectly and we all belong‚Äù - Andrew Garfield #TonyAwards",0.6369,0.244,0.0,0.756,84
184,@CBS,Mon Jun 11 00:12:31 +0000 2018,Andrew Garfield wins Best Leading Actor in a Play. #TonyAwards @angelsbway https://t.co/s2VQnw6IPP,0.8834,0.563,0.0,0.437,85
185,@CBS,Mon Jun 11 00:06:39 +0000 2018,"RT @nightingalen: Love this opening song! @joshgroban
@SaraBarreilles 
#TonyAwards",0.6696,0.36,0.0,0.64,86
186,@CBS,Mon Jun 11 00:04:15 +0000 2018,‚ú® @joshgroban and @SaraBareilles take the stage to begin an unforgettable evening. #TonyAwards https://t.co/y9uzlK2DzO,0.3182,0.15,0.0,0.85,87
187,@CBS,Sun Jun 10 23:59:00 +0000 2018,Grab your popcorn... it's time for the #TonyAwards! Go and stream the entire show now: https://t.co/Wo1algQHix https://t.co/JGYTk4NPDN,0.0,0.0,0.0,1.0,88
188,@CBS,Sun Jun 10 23:18:15 +0000 2018,‚ú® @thegoodfight's Christine Baranski has arrived on the #TonyAwards red carpet! Watch LIVE at 8/7c on CBS! https://t.co/XnXAnPtRrc,0.4374,0.145,0.0,0.855,89
189,@CBS,Sun Jun 10 22:01:25 +0000 2018,"The hosts have arrived! We're LIVE with @SaraBareilles, @joshgroban and more on the #TonyAwards red carpet hosted b‚Ä¶ https://t.co/NtarbgywLe",0.0,0.0,0.0,1.0,90
190,@CBS,Sun Jun 10 15:00:01 +0000 2018,Tonight's the night! Join @etnow's @DDirecto on the #TonyAwards' red carpet starting at 5PM ET! https://t.co/hZLOSiIRAT,0.4184,0.157,0.0,0.843,91
191,@CBS,Sat Jun 09 21:00:02 +0000 2018,These two know a thing or two about awards! Watch them light up the stage tomorrow at the #TonyAwards. ‚ú® https://t.co/KHVZp65oLS,0.68,0.237,0.0,0.763,92
192,@CBS,Sat Jun 09 16:00:00 +0000 2018,Here's everything you need to know before watching the #TonyAwards this Sunday at 8/7c: https://t.co/jcRgNGmLUZ https://t.co/8suUhVPFK6,0.0,0.0,0.0,1.0,93
193,@CBS,Fri Jun 08 19:46:17 +0000 2018,Join @etnow's @DDirecto this Sunday on the #TonyAwards' red carpet. https://t.co/7jS8g10KmY,0.296,0.18,0.0,0.82,94
194,@CBS,Fri Jun 08 15:00:03 +0000 2018,Here's @laChanze with a reminder that you can stream the #TonyAwards this Sunday on CBS All Access! https://t.co/8TDEXzKmyQ,0.0,0.0,0.0,1.0,95
195,@CBS,Fri Jun 08 13:58:15 +0000 2018,"We all get by with a little help from our friends, so what better way to celebrate #NationalBestFriendsDay than to‚Ä¶ https://t.co/pIZezbBwaT",0.9078,0.436,0.0,0.564,96
196,@CBS,Thu Jun 07 17:03:26 +0000 2018,"Get ready for show-stopping performances by the casts of the 2018 Tony-nominated shows Mean Girls, SpongeBob Square‚Ä¶ https://t.co/NiSx9Bbw0F",0.3612,0.128,0.0,0.872,97
197,@CBS,Wed Jun 06 21:00:24 +0000 2018,Don‚Äôt miss a special performance from @springsteen this Sunday at the #TonyAwards: https://t.co/LYYdleaFwU https://t.co/IKkKoITH9y,0.2732,0.176,0.105,0.719,98
198,@CBS,Wed Jun 06 00:08:30 +0000 2018,"RT @CBSThisMorning: .@SaraBareilles and @joshgroban are hosting this Sunday's @TheTonyAwards on @CBS! 

Wednesday, they'll join us LIVE on‚Ä¶",0.3595,0.128,0.0,0.872,99
199,@CBS,Tue Jun 05 22:23:35 +0000 2018,"RT @SU2C: SU2C telecast Co-Executive Producer Bradley Cooper sits down with Mitch Carbon, a pediatric cancer survivor who benefited from #S‚Ä¶",-0.4404,0.1,0.177,0.723,100
200,@CNN,Sun Jul 15 23:22:04 +0000 2018,Democratic Sen. Mark Warner says more Americans should be in the Trump-Putin meeting https://t.co/WrAyFtOWS4 https://t.co/84pcNflHYM,0.0,0.0,0.0,1.0,1
201,@CNN,Sun Jul 15 23:15:07 +0000 2018,A police officer and bystander have been fatally shot near Boston https://t.co/4LwxEUFkyM https://t.co/muflJbjmpN,-0.6369,0.0,0.276,0.724,2
202,@CNN,Sun Jul 15 23:07:05 +0000 2018,A video released by Russian President Vladimir Putin touting his country's potential future weaponry and its suppos‚Ä¶ https://t.co/cX9E5D73RV,-0.3818,0.0,0.194,0.806,3
203,@CNN,Sun Jul 15 23:07:05 +0000 2018,Former NHL goalie Ray Emery dies at 35 https://t.co/MIwS3z505n https://t.co/YEqEL2dXpH,0.0,0.0,0.0,1.0,4
204,@CNN,Sun Jul 15 23:00:21 +0000 2018,A video released by Russian President Vladimir Putin touting his country's potential future weaponry and its suppos‚Ä¶ https://t.co/ZnqQ3o8Pnv,-0.3818,0.0,0.194,0.806,5
205,@CNN,Sun Jul 15 22:52:05 +0000 2018,Trump administration tries to clarify child reunification plan https://t.co/Kq4jcHm4Uv https://t.co/vNomKJPFmG,0.0,0.0,0.0,1.0,6
206,@CNN,Sun Jul 15 22:45:03 +0000 2018,"Drake vs. the Beatles? It's time to retire the rap vs. rock clich√©, writes Jennifer Lynn Stoever for @CNNOpinion‚Ä¶ https://t.co/9a4yiC61pp",0.0,0.0,0.0,1.0,7
207,@CNN,Sun Jul 15 22:37:03 +0000 2018,How companies change packaging without alienating customers https://t.co/TBOotsTzmM https://t.co/knhj1FykJV,0.0,0.0,0.0,1.0,8
208,@CNN,Sun Jul 15 22:30:10 +0000 2018,Republican Sen. Rand Paul says asking for the extradition of the Russian intelligence agents indicted for interferi‚Ä¶ https://t.co/HQD67sG3N1,0.4767,0.154,0.0,0.846,9
209,@CNN,Sun Jul 15 22:22:04 +0000 2018,"France's World Cup win is a victory for immigrants everywhere, writes Peniel Joseph for @CNNOpinion‚Ä¶ https://t.co/VaCuldzGb3",0.5859,0.213,0.0,0.787,10
210,@CNN,Sun Jul 15 22:15:10 +0000 2018,"President Trump suggests he'll bring up indicted Russians with Russian President Vladimir Putin, says it's somethin‚Ä¶ https://t.co/hieYbGalBr",0.0,0.0,0.0,1.0,11
211,@CNN,Sun Jul 15 22:00:01 +0000 2018,"During Harry and Meghan's tour in Ireland, a teenage fan handed the Duke and Duchess of Sussex an unexpected presen‚Ä¶ https://t.co/a4x7gnqcHD",0.3182,0.108,0.0,0.892,12
212,@CNN,Sun Jul 15 21:46:35 +0000 2018,"Billionaire tech entrepreneur Elon Musk sent a ""kid-size submarine"" to help the 12 boys trapped in the Thai cave. V‚Ä¶ https://t.co/Rs3KDU65VD",-0.1779,0.112,0.141,0.747,13
213,@CNN,Sun Jul 15 21:30:00 +0000 2018,Fans are celebrating France's first World Cup victory in 20 years. The team defeated Croatia in the final with a sc‚Ä¶ https://t.co/9NXLgHxg60,0.1531,0.143,0.12,0.736,14
214,@CNN,Sun Jul 15 21:15:02 +0000 2018,Florida town reopens beaches after 2 apparent shark attacks https://t.co/MdBHPOBsoz https://t.co/1Tr7c4bhSB,-0.4404,0.0,0.244,0.756,15
215,@CNN,Sun Jul 15 21:00:00 +0000 2018,"""My heart says we all better step up, that almost any patriot with a chance should be thinking about what they can‚Ä¶ https://t.co/V5lIbZlGKH",0.5994,0.197,0.0,0.803,16
216,@CNN,Sun Jul 15 20:45:04 +0000 2018,"Sacha Baron Cohen punks politicians in ""Who is America?"" https://t.co/W1u47gD6e6 https://t.co/aEBhCuxN4H",0.0,0.0,0.0,1.0,17
217,@CNN,Sun Jul 15 20:30:14 +0000 2018,"To Russian President Vladimir Putin, President Trump insists he'll be ""different"" https://t.co/qrYJzrfHXs https://t.co/JRzjECvr8G",0.0,0.0,0.0,1.0,18
218,@CNN,Sun Jul 15 20:15:04 +0000 2018,Protests break out in Chicago after a man is fatally shot by police https://t.co/luzD44kkLy https://t.co/coCwSayG7Q,-0.7269,0.0,0.337,0.663,19
219,@CNN,Sun Jul 15 20:00:23 +0000 2018,"It was a golden weekend for Nicola Philippaerts in Chantilly, who picked up his second win of the Longines Global C‚Ä¶ https://t.co/WhXzS8Pyn2",0.5859,0.16,0.0,0.84,20
220,@CNN,Sun Jul 15 19:45:18 +0000 2018,Having a rough day? Turn things around with the best *!&amp;$#*% thing you‚Äôll see all week!  A brand-new season of‚Ä¶ https://t.co/eRfjhAun8d,0.6988,0.21,0.0,0.79,21
221,@CNN,Sun Jul 15 19:30:09 +0000 2018,Key moments from France's electrifying World Cup final win https://t.co/umO1G6PVfX https://t.co/lqrY56Knnn,0.5859,0.275,0.0,0.725,22
222,@CNN,Sun Jul 15 19:15:11 +0000 2018,The boys who were trapped in a Thai cave mourn the Navy SEAL who died during their rescue https://t.co/bM6XREMD3F https://t.co/7VtM9dDXEO,-0.7579,0.117,0.349,0.534,23
223,@CNN,Sun Jul 15 19:08:00 +0000 2018,RT @cnnsport: Presidential seal of approval: Emmanuel Macron lets loose and celebrates #FRA's World Cup win: https://t.co/nuSIcTUHAv https:‚Ä¶,0.8519,0.394,0.086,0.52,24
224,@CNN,Sun Jul 15 19:00:08 +0000 2018,"Secretary of State Mike Pompeo calls talks with North Korea on returning service members' remains ""productive""‚Ä¶ https://t.co/kwFiDlAWEo",0.0,0.0,0.0,1.0,25
225,@CNN,Sun Jul 15 18:57:10 +0000 2018,"RT @cnnsport: Didier Deschamps is just the third man to win the World Cup as both a player and a coach, following in the footsteps of Brazi‚Ä¶",0.5859,0.137,0.0,0.863,26
226,@CNN,Sun Jul 15 18:45:04 +0000 2018,Israel's Prime Minister Benjamin Netanyahu says no ceasefire with Gaza if arson attacks continue‚Ä¶ https://t.co/YJfSiWGm6z,-0.6249,0.0,0.282,0.718,27
227,@CNN,Sun Jul 15 18:31:39 +0000 2018,"RT @cnnsport: Before Paul Pogba's goal, a player hadn't scored from outside the box in a World Cup final for 36 years. 

Kylian Mbapp√© did‚Ä¶",0.0,0.0,0.0,1.0,28
228,@CNN,Sun Jul 15 18:30:13 +0000 2018,The new General Electric still faces many old problems https://t.co/0Nb4l1Kpv9 https://t.co/z5S1odMrrd,-0.4019,0.0,0.213,0.787,29
229,@CNN,Sun Jul 15 18:16:49 +0000 2018,"RT @cnnsport: Joy and despair. 

France wins its second World Cup trophy üëâ https://t.co/wfhwpASrde https://t.co/fyyL9D93XX",0.7351,0.302,0.093,0.605,30
230,@CNN,Sun Jul 15 18:15:08 +0000 2018,Former President Barack Obama is in Kenya for his sister's project. Then he's off to South Africa.‚Ä¶ https://t.co/NgLPtwnfMz,0.0,0.0,0.0,1.0,31
231,@CNN,Sun Jul 15 18:00:14 +0000 2018,British Prime Minister Theresa May says President Trump advised her to sue the European Union‚Ä¶ https://t.co/bJcfO2m6oj,0.0,0.0,0.0,1.0,32
232,@CNN,Sun Jul 15 17:45:06 +0000 2018,"Back with his son after 8 weeks, a migrant father tells separated families: ""Don't give up"" https://t.co/p4InGiqGcv https://t.co/zGOnvwZqzX",0.0,0.0,0.0,1.0,33
233,@CNN,Sun Jul 15 17:30:14 +0000 2018,Serena Williams sends a message to mothers after Wimbledon loss https://t.co/A2GS0uB9QD https://t.co/FJC0APJUuZ,-0.3182,0.0,0.187,0.813,34
234,@CNN,Sun Jul 15 17:15:07 +0000 2018,Why President Trump is the distraction Russian President Vladimir Putin needs https://t.co/sZ84yjZi9P | Analysis by‚Ä¶ https://t.co/T8UD95PCx0,-0.3818,0.0,0.157,0.843,35
235,@CNN,Sun Jul 15 17:00:07 +0000 2018,France wins the World Cup for the second time ‚Äî overcoming Croatia in the highest-scoring final since 1966‚Ä¶ https://t.co/8YXlU5mVBz,0.5719,0.179,0.0,0.821,36
236,@CNN,Sun Jul 15 16:45:07 +0000 2018,Why Kenyans are supporting Croatia in the World Cup final https://t.co/Q4oSqU1Vuu https://t.co/xCWF1nYhTM,0.4404,0.209,0.0,0.791,37
237,@CNN,Sun Jul 15 16:30:15 +0000 2018,Two killed in Nicaragua during attack on university and church https://t.co/PaYVsdm9KS https://t.co/SwlWMkstou,-0.8225,0.0,0.432,0.568,38
238,@CNN,Sun Jul 15 16:15:05 +0000 2018,"President Trump named the European Union, Russia and China as foes to the US, saying the EU has ""taken advantage of‚Ä¶ https://t.co/4oulaFDK1l",-0.25,0.08,0.12,0.8,39
239,@CNN,Sun Jul 15 16:00:07 +0000 2018,A federal judge has blasted a declaration from a senior official at the Department of Health and Human Services who‚Ä¶ https://t.co/b3x294IZlX,0.0,0.0,0.0,1.0,40
240,@CNN,Sun Jul 15 15:45:04 +0000 2018,"Plagued by injury in recent years, Novak Djokovic cruised to his fourth Wimbledon title after defeating Kevin Ander‚Ä¶ https://t.co/J0escZAiLM",-0.6597,0.0,0.241,0.759,41
241,@CNN,Sun Jul 15 15:30:11 +0000 2018,"Why Google built an artificial intelligence lab in Accra, Ghana https://t.co/PpsPZbGGzK https://t.co/O89bbVpR7m",0.4767,0.22,0.0,0.78,42
242,@CNN,Sun Jul 15 15:23:46 +0000 2018,Will Uber's CEO still be able to save the brand's image? https://t.co/j0XtnyTXiA https://t.co/3krHUSBgw9,0.4939,0.211,0.0,0.789,43
243,@CNN,Sun Jul 15 15:00:12 +0000 2018,How do you remember the legacy of President George W. Bush? See how the challenges he faced defined a decade in a n‚Ä¶ https://t.co/erBUPxttCA,0.0772,0.058,0.0,0.942,44
244,@CNN,Sun Jul 15 14:30:13 +0000 2018,"From the biggest street art party in Hong Kong to a community art tour, here are six Instagrammable ways to enjoy H‚Ä¶ https://t.co/o5cQhyMSbh",0.7096,0.228,0.0,0.772,45
245,@CNN,Sun Jul 15 14:02:56 +0000 2018,RT @CNNPolitics: CNN‚Äôs Jake Tapper explains that State of the Union invited and confirmed national security adviser John Bolton to come on‚Ä¶,0.34,0.103,0.0,0.897,46
246,@CNN,Sun Jul 15 14:01:07 +0000 2018,"A rare flood of desert rain has transformed a lake in Australia from an arid, salty basin to a spectacular, watery‚Ä¶ https://t.co/XIwMrwYDRI",0.0,0.0,0.0,1.0,47
247,@CNN,Sun Jul 15 13:31:00 +0000 2018,It's not always easy going green. Starbucks and Nestl√© customers embraced the brands' moves to environmentally-frie‚Ä¶ https://t.co/esLhD2m3O2,-0.3412,0.0,0.131,0.869,48
248,@CNN,Sun Jul 15 13:08:47 +0000 2018,"Rep. Adam Schiff explains why he's calling for the Trump-Putin summit to be canceled: ""We don't need to ask Putin w‚Ä¶ https://t.co/BJMF86EU5T",0.0,0.0,0.0,1.0,49
249,@CNN,Sun Jul 15 13:01:08 +0000 2018,A Florida man had a heart attack while laying sod in his front yard to avoid getting a fine from his homeowner's as‚Ä¶ https://t.co/OViiP8HzGJ,-0.5423,0.072,0.211,0.717,50
250,@CNN,Sun Jul 15 12:31:00 +0000 2018,Starbucks is going strawless. The coffee company announced Monday that it will phase out plastic straws from all of‚Ä¶ https://t.co/4PnjN5f34l,0.0,0.0,0.0,1.0,51
251,@CNN,Sun Jul 15 12:01:05 +0000 2018,"A flight from Hong Kong to the Chinese mainland suddenly lost air pressure and dropped nearly 20,000 feet because t‚Ä¶ https://t.co/BBsCczJSWb",-0.5423,0.0,0.2,0.8,52
252,@CNN,Sun Jul 15 11:31:00 +0000 2018,A rescue organization in the Turks and Caicos Islands finds good homes for stray potcake puppies -- and allows tour‚Ä¶ https://t.co/GAOMaokzQl,0.7351,0.256,0.0,0.744,53
253,@CNN,Sun Jul 15 11:01:47 +0000 2018,"Hawaii has become the first state in the US to ban the sale of sunscreens that can harm coral reefs. Banana Boat, C‚Ä¶ https://t.co/eAWmWt80j4",-0.7964,0.0,0.244,0.756,54
254,@CNN,Sun Jul 15 10:31:00 +0000 2018,There is now only one Blockbuster store left in the United States https://t.co/eVtGl3oeEq https://t.co/3txr2d7UAq,0.7717,0.358,0.0,0.642,55
255,@CNN,Sun Jul 15 10:01:42 +0000 2018,A French bulldog named Darcy was given an oxygen mask on a JetBlue flight after showing signs of distress. Darcy's‚Ä¶ https://t.co/l2X1AgX158,-0.5267,0.0,0.159,0.841,56
256,@CNN,Sun Jul 15 09:31:00 +0000 2018,"Build-A-Bear was forced to turn customers away after an onslaught of people came to take advantage of its ""pay your‚Ä¶ https://t.co/mR7je3dMgD",-0.34,0.082,0.18,0.738,57
257,@CNN,Sun Jul 15 09:00:05 +0000 2018,"Democrats are releasing way more polls than Republicans. Here's what that could mean. https://t.co/50z1LGik2t | 
An‚Ä¶ https://t.co/n5VcrRBw06",0.0,0.0,0.0,1.0,58
258,@CNN,Sun Jul 15 08:31:00 +0000 2018,The first underwater museum in the United States has opened off the coast of northwest Florida‚Ä¶ https://t.co/SKiVeXW9mo,0.4215,0.149,0.0,0.851,59
259,@CNN,Sun Jul 15 08:00:05 +0000 2018,Twitter suspends 2 accounts linked to Russian intelligence after hacking indictment https://t.co/wHdsGD7mig https://t.co/QEJtP2DHiR,0.4767,0.22,0.0,0.78,60
260,@CNN,Sun Jul 15 07:31:00 +0000 2018,"For the first time, scientists have been able to trace the origins of a ghostly subatomic particle that traveled 3.‚Ä¶ https://t.co/PmnXztGKBg",0.0,0.0,0.0,1.0,61
261,@CNN,Sun Jul 15 07:00:08 +0000 2018,Georgia woman arrested after cop appears to use coin flip app https://t.co/4yXyMQeLuK https://t.co/Q6w6m88yJx,-0.4767,0.0,0.205,0.795,62
262,@CNN,Sun Jul 15 06:31:00 +0000 2018,"Stitch Fix is tapping into the children's apparel market, launching subscription boxes with sizes 2T to 14. Founder‚Ä¶ https://t.co/ByTYP3Cl3n",0.0,0.0,0.0,1.0,63
263,@CNN,Sun Jul 15 06:00:07 +0000 2018,"Democratic Rep. Joyce Beatty dances to Drake's ""In My Feelings"" to promote millennial voting https://t.co/LkF2rbZ8Lm https://t.co/ggWr7B6m7j",0.3818,0.148,0.0,0.852,64
264,@CNN,Sun Jul 15 05:31:00 +0000 2018,"Meet Care-E, the automated airport assistant that scans a boarding pass, carries luggage and guides passengers to t‚Ä¶ https://t.co/E9ZgNpC9nc",0.0,0.0,0.0,1.0,65
265,@CNN,Sun Jul 15 05:18:14 +0000 2018,Protesters chanted and threw rocks at Chicago police after an officer shot and killed a man in the city's South Sid‚Ä¶ https://t.co/LdeQEteIPM,-0.7506,0.0,0.252,0.748,66
266,@CNN,Sun Jul 15 05:00:09 +0000 2018,How innovation helped save Detroit https://t.co/wb4xo6rauh https://t.co/ksAK3i5brH,0.7003,0.537,0.0,0.463,67
267,@CNN,Sun Jul 15 04:31:00 +0000 2018,These giant avocados are growing in Australia. Some have been known to weigh up to four pounds and are about five t‚Ä¶ https://t.co/S2bC3f2grk,0.1779,0.072,0.0,0.928,68
268,@CNN,Sun Jul 15 04:00:20 +0000 2018,Jean-Eric Vergne clinches Formula E title for France on Bastille Day https://t.co/pWLjjyntLm https://t.co/GcB98VZj4x,0.0,0.0,0.0,1.0,69
269,@CNN,Sun Jul 15 03:30:10 +0000 2018,The Trumps are spending the weekend at the President's golf resort in Scotland as UK protests continue‚Ä¶ https://t.co/zKBcnxR6J0,-0.2263,0.0,0.101,0.899,70
270,@CNN,Sun Jul 15 03:00:14 +0000 2018,"Sandra Oh's Emmy nomination represents a new wave in Hollywood, writes Jeff Yang for @CNNOpinion‚Ä¶ https://t.co/Uz55Lf7SlH",0.0,0.0,0.0,1.0,71
271,@CNN,Sun Jul 15 02:30:04 +0000 2018,Where is President Trump's Emmy nomination? https://t.co/mtWdel049f (via @CNNOpinion) https://t.co/y0VkQar9vs,0.0,0.0,0.0,1.0,72
272,@CNN,Sun Jul 15 02:00:05 +0000 2018,Homeland Security Secretary Kirstjen Nielsen warns state officials that the threat from Russia targeting US electio‚Ä¶ https://t.co/fnjed90PF5,-0.34,0.113,0.226,0.66,73
273,@CNN,Sun Jul 15 01:30:17 +0000 2018,What do you remember about the time of 9/11? See how George W. Bush harnessed the mood of the nation in #2000sCNN t‚Ä¶ https://t.co/j2lYKLwaKQ,0.0,0.0,0.0,1.0,74
274,@CNN,Sun Jul 15 01:00:08 +0000 2018,"NY Gov. Andrew Cuomo calls the Trump administration's spending to detain immigrant children ""shocking and irrespons‚Ä¶ https://t.co/l8Y8t1VLwo",-0.6705,0.0,0.268,0.732,75
275,@CNN,Sun Jul 15 00:30:12 +0000 2018,"From the Supreme Court to Russian indictments, relive this week in politics https://t.co/fFYGdL1CJW https://t.co/rCRbcCSdDx",0.5574,0.217,0.0,0.783,76
276,@CNN,Sun Jul 15 00:00:04 +0000 2018,Police departments across the country participate in the latest lip sync challenge https://t.co/R91Sp68qJU https://t.co/etNx934TMu,0.0772,0.091,0.0,0.909,77
277,@CNN,Sat Jul 14 23:30:08 +0000 2018,"It used to be mindless entertainment. Now, reality television is a dominant force in American politics. How did tha‚Ä¶ https://t.co/inyX7hocjS",-0.0258,0.123,0.128,0.749,78
278,@CNN,Sat Jul 14 23:00:05 +0000 2018,"Gay men, adulterers publicly flogged in Indonesia https://t.co/7iV8SqScm7 https://t.co/y2ApR0iSoR",0.0,0.0,0.0,1.0,79
279,@CNN,Sat Jul 14 22:30:07 +0000 2018,Man posing as rideshare driver accused of serial rape in San Francisco https://t.co/a5ZsgQyyBB https://t.co/VshWiUq3cu,-0.7845,0.0,0.365,0.635,80
280,@CNN,Sat Jul 14 22:15:57 +0000 2018,Haiti's Prime Minister resigns amid violent and deadly protests sparked by a proposed plan to raise fuel prices‚Ä¶ https://t.co/sUgt4m3jvl,-0.7964,0.0,0.351,0.649,81
281,@CNN,Sat Jul 14 22:00:27 +0000 2018,Los Angeles Mayor Eric Garcetti says the Trump administration created its own immigration problems by enacting a so‚Ä¶ https://t.co/rx5m03cK0T,-0.1779,0.097,0.13,0.773,82
282,@CNN,Sat Jul 14 21:45:05 +0000 2018,A UK court ruling could catapult this 30-year-old from Iraq back to a life of fear and persecution‚Ä¶ https://t.co/tEoJMvS4B4,-0.4939,0.0,0.167,0.833,83
283,@CNN,Sat Jul 14 21:30:12 +0000 2018,Woman survives 7 days after SUV plunges off cliff in Big Sur https://t.co/RDcbCUbk5f https://t.co/LkhIi8regP,0.0,0.0,0.0,1.0,84
284,@CNN,Sat Jul 14 21:15:04 +0000 2018,"Microsoft wants regulation of facial recognition technology to limit ""abuse"" https://t.co/yrZtyqQjay https://t.co/culUmiMr8T",0.0,0.0,0.0,1.0,85
285,@CNN,Sat Jul 14 21:00:03 +0000 2018,Have you ever noticed a large concrete arrow in your travels across America? They point the way to an intriguing us‚Ä¶ https://t.co/e9ldIc2EyE,0.0,0.0,0.0,1.0,86
286,@CNN,Sat Jul 14 20:45:06 +0000 2018,Russian President Vladimir Putin looms for President Trump after reality-bending visit with US allies‚Ä¶ https://t.co/VBK1cCMRVK,-0.1531,0.0,0.103,0.897,87
287,@CNN,Sat Jul 14 20:30:09 +0000 2018,"McDonald's pulls salads from 3,000 restaurants after parasite sickens dozens https://t.co/ZCsfrNPFHV https://t.co/GJbNdy1nf7",-0.4588,0.0,0.214,0.786,88
288,@CNN,Sat Jul 14 20:15:05 +0000 2018,"Here's CNN's weekly roundup of the news, notes and chatter about the prospects for the next Democratic presidential‚Ä¶ https://t.co/jhP4I1C2En",0.296,0.109,0.0,0.891,89
289,@CNN,Sat Jul 14 20:00:13 +0000 2018,Impact of Attorney General Jeff Sessions' asylum move already felt at border https://t.co/5AKQyaPG98 https://t.co/FJeN4bNPub,0.0,0.0,0.0,1.0,90
290,@CNN,Sat Jul 14 19:45:06 +0000 2018,This video game could generate a new type of World Cup next year https://t.co/gji26lhVZa https://t.co/Bhcrmb81I8,0.0,0.0,0.0,1.0,91
291,@CNN,Sat Jul 14 19:30:12 +0000 2018,"Jaguar escapes enclosure at Audubon Zoo in New Orleans and kills 4 alpacas, an emu and a fox https://t.co/JTwcwexRLj https://t.co/UNZ75WSIgz",-0.4588,0.071,0.167,0.762,92
292,@CNN,Sat Jul 14 19:15:10 +0000 2018,"In Europe, First Lady Melania Trump is the Trump sticking to the script https://t.co/odZGVA2sfq https://t.co/0ZtVvImGrw",0.0,0.0,0.0,1.0,93
293,@CNN,Sat Jul 14 19:00:12 +0000 2018,A senior National Security Council official who argued for increasing US refugee admissions and feuded with senior‚Ä¶ https://t.co/oELKfzIiK5,-0.5106,0.109,0.258,0.633,94
294,@CNN,Sat Jul 14 18:45:08 +0000 2018,The British public doesn't appear amused with President Trump walking in front of Queen Elizabeth II‚Ä¶ https://t.co/9g5x8lMe0q,-0.3252,0.0,0.127,0.873,95
295,@CNN,Sat Jul 14 18:30:17 +0000 2018,Here's what you might have missed during a busy news week https://t.co/rv1W25n2Iw https://t.co/MXMHXycOXl,-0.296,0.0,0.167,0.833,96
296,@CNN,Sat Jul 14 18:15:00 +0000 2018,Philando Castile was fatally shot by police in Minnesota in 2016 ‚Äî then came the Russian trolls. An exclusive CNN i‚Ä¶ https://t.co/snbZHI833T,-0.5719,0.061,0.17,0.769,97
297,@CNN,Sat Jul 14 18:03:36 +0000 2018,Israelis and Palestinians exchange fire along Gaza border https://t.co/YFUZAkkv5i https://t.co/dAFsl7lqaU,-0.34,0.0,0.211,0.789,98
298,@CNN,Sat Jul 14 18:00:04 +0000 2018,Is it dark? And are you wearing sunglasses? You‚Äôre ready for the return of the CNN series #History of Comedy. Hear‚Ä¶ https://t.co/spOWGQNvT1,0.6553,0.211,0.0,0.789,99
299,@CNN,Sat Jul 14 17:45:00 +0000 2018,"The Thai boys rescued from a cave after nearly three weeks are ""sitting up in their beds"" and ""sending thank-you me‚Ä¶ https://t.co/m00GEVO4Nr",0.4215,0.123,0.0,0.877,100
300,@Fox,Wed Jul 11 21:30:06 +0000 2018,More Boston snaps. https://t.co/NCcWPSV8yX,0.0,0.0,0.0,1.0,1
301,@Fox,Mon Jul 09 23:35:49 +0000 2018,"RT @helpscout: Said it once, we'll keep saying it: we are thrilled to add you to the team @fox! ü¶ä https://t.co/bKc6GSq6tR",0.4926,0.132,0.0,0.868,2
302,@Fox,Mon Jul 09 20:12:02 +0000 2018,"@mattopsahl lol, offensive",-0.0516,0.412,0.441,0.147,3
303,@Fox,Mon Jul 09 19:43:29 +0000 2018,"@tompedals yay, hello, hi! üëãüèª",0.784,0.496,0.0,0.504,4
304,@Fox,Mon Jul 09 19:43:13 +0000 2018,"@madalynrose thanks, Madalyn. üíñ",0.6249,0.63,0.0,0.37,5
305,@Fox,Mon Jul 09 19:43:04 +0000 2018,"@andymcmillan weee, thank you!!",0.4738,0.507,0.0,0.493,6
306,@Fox,Mon Jul 09 19:42:56 +0000 2018,@jennwrites üíñüíñüíñ,0.0,0.0,0.0,1.0,7
307,@Fox,Mon Jul 09 19:42:42 +0000 2018,@paulozoom thank you! it is awesome :),0.8718,0.712,0.0,0.288,8
308,@Fox,Mon Jul 09 19:42:27 +0000 2018,@brianloveswords thank you üôáüèª‚Äç‚ôÄÔ∏è,0.3612,0.263,0.0,0.737,9
309,@Fox,Mon Jul 09 19:42:10 +0000 2018,"@patrickhamann thanks, Patrick! üíñ",0.6588,0.643,0.0,0.357,10
310,@Fox,Mon Jul 09 19:41:56 +0000 2018,@lynnandtonic thank you and I will miss you!,0.2942,0.297,0.17,0.532,11
311,@Fox,Mon Jul 09 17:17:20 +0000 2018,"@patrickbjohnson nah, only here for a week. travelling alone so don‚Äôt want to make it a very long trip (hashtag anx‚Ä¶ https://t.co/sdzeg7AUmr",-0.2075,0.072,0.155,0.773,12
312,@Fox,Mon Jul 09 17:06:00 +0000 2018,"@lrnrd thanks, bb üíñ",0.6249,0.63,0.0,0.37,13
313,@Fox,Mon Jul 09 13:04:47 +0000 2018,"@jstn Oh yeah, Coava, Stumptown and Good Coffee are my long standing favs!",0.6588,0.329,0.0,0.671,14
314,@Fox,Mon Jul 09 13:00:00 +0000 2018,"I‚Äôm so spoiled by Melbourne standards I literally cannot drink this liquid that was just served to me as coffee

üòÇüíÄ",0.0,0.0,0.0,1.0,15
315,@Fox,Mon Jul 09 12:42:20 +0000 2018,"I‚Äôm excited to share that today is my first day at @helpscout as a front-end engineer on the design team, which is‚Ä¶ https://t.co/LrW8L2lBcq",0.5574,0.187,0.0,0.813,16
316,@Fox,Mon Jul 09 08:03:22 +0000 2018,"Here lies Karolina, defeated by jetlag after mere three hours of sleep.",-0.7096,0.0,0.371,0.629,17
317,@Fox,Sun Jul 08 19:48:49 +0000 2018,@andrewvijay Everywhere to be honest. That particular one was in the US. That mostly doesn‚Äôt happen in Australia.,0.5106,0.163,0.0,0.837,18
318,@Fox,Sun Jul 08 19:48:11 +0000 2018,@mctrebo Boston,0.0,0.0,0.0,1.0,19
319,@Fox,Sun Jul 08 19:45:15 +0000 2018,"@LukesBeard It‚Äôs the most annoying thing that all social media, including Instagram, butchers the quality of photos‚Ä¶ https://t.co/7y8A7IuLcT",-0.4576,0.0,0.15,0.85,20
320,@Fox,Sun Jul 08 19:06:16 +0000 2018,"‚ÄúPerks‚Äù of traveling alone as a woman: being called ‚Äúhoney‚Äù in all restaurants/stores, being grabbed by the arm by‚Ä¶ https://t.co/ziCifcCI2x",-0.25,0.0,0.1,0.9,21
321,@Fox,Sun Jul 08 17:39:19 +0000 2018,@mattopsahl Oh! I did go to the Boston Common and Public Garden :) will check it out!,0.555,0.193,0.0,0.807,22
322,@Fox,Sun Jul 08 17:37:47 +0000 2018,@amyngyn tbh I specifically look for ‚Äúhealthy‚Äù recipes because I don‚Äôt want all of the sugar / butter / cream in my‚Ä¶ https://t.co/tEki0zBt8v,0.0772,0.067,0.0,0.933,23
323,@Fox,Sun Jul 08 17:34:51 +0000 2018,"Horribly jet lagged and battling anxiety, but Boston sure is pretty. ‚ù§Ô∏è https://t.co/IYfWZjvqLe",0.5499,0.33,0.305,0.364,24
324,@Fox,Sat Jul 07 15:23:42 +0000 2018,@jilljubs Omg me too but I‚Äôm also afraid,0.0,0.0,0.0,1.0,25
325,@Fox,Fri Jul 06 23:22:17 +0000 2018,"Excited to be going to @xoxo this year with @benschwarz! Portland holds a dear place in my heart. 

Can‚Äôt wait to c‚Ä¶ https://t.co/7s7h3Ti8sp",0.6476,0.209,0.0,0.791,26
326,@Fox,Fri Jul 06 23:06:03 +0000 2018,MEL ‚úàÔ∏è LAX ‚úàÔ∏è BOS,0.0,0.0,0.0,1.0,27
327,@Fox,Thu Jul 05 07:54:19 +0000 2018,"@LJKenward @LukeMesiti You both will do great, I‚Äôll be cheering you from a transatlantic flight. üíêüòá",0.8126,0.363,0.0,0.637,28
328,@Fox,Thu Jul 05 00:18:14 +0000 2018,Jeremy was one of our @cssconfau speakers this year and I cannot recommend him more as a developer with a deep pass‚Ä¶ https://t.co/nHFHIPQXtM,-0.2755,0.0,0.1,0.9,29
329,@Fox,Wed Jul 04 00:40:38 +0000 2018,RT @KD: Serena Williams has been drug tested more than all the top five American male athletes and 2x more than top American female athlete‚Ä¶,0.3818,0.135,0.0,0.865,30
330,@Fox,Wed Jul 04 00:15:15 +0000 2018,Great post with actionable advice on user protection in hostile states. https://t.co/LKkLVIx3J4,0.3612,0.246,0.156,0.599,31
331,@Fox,Wed Jul 04 00:11:33 +0000 2018,"@stewartsc hahaha, can‚Äôt make this more perfect, really.",0.8221,0.559,0.0,0.441,32
332,@Fox,Wed Jul 04 00:09:55 +0000 2018,"@Stammy That‚Äôs super comprehensive, thank you for sharing!",0.8883,0.742,0.0,0.258,33
333,@Fox,Wed Jul 04 00:08:19 +0000 2018,"@TimHaines people like that never want to understand, he conveniently blocked all women pointing his wrongness out‚Ä¶ https://t.co/cCe4XNNzfh",0.0459,0.12,0.16,0.72,34
334,@Fox,Tue Jul 03 23:57:36 +0000 2018,"RT @sarahmei: The biggest barrier to entry in software for non-white-men has never been credentials or knowledge or even experience. 

It‚Äôs‚Ä¶",-0.128,0.0,0.07,0.93,35
335,@Fox,Tue Jul 03 09:45:32 +0000 2018,"And here‚Äôs the tweet for posterity. Also, if you had any doubts, the author is fine conversing with other men and q‚Ä¶ https://t.co/ek0D1YV8We",-0.1027,0.072,0.088,0.84,36
336,@Fox,Tue Jul 03 09:44:18 +0000 2018,"@karmel80 lol, I can‚Äôt even",0.4215,0.483,0.0,0.517,37
337,@Fox,Tue Jul 03 09:06:17 +0000 2018,@Firesphere Sorry but I don‚Äôt want to engage on twitter in that way anymore.,0.5267,0.29,0.073,0.637,38
338,@Fox,Tue Jul 03 09:03:13 +0000 2018,In case you have any doubts the dude already blocked me because that‚Äôs how privilege deals with anything‚Äôs that‚Äôs uncomfortable. ‚úåÔ∏èüòé,-0.5267,0.095,0.261,0.644,39
339,@Fox,Tue Jul 03 08:32:36 +0000 2018,"A lesson to learn here is that if you choose to look away and ignore oppression, IT WILL BE MAGNIFIED BY YOUR COMPL‚Ä¶ https://t.co/7yNNGSa6LW",-0.3612,0.0,0.102,0.898,40
340,@Fox,Tue Jul 03 08:28:42 +0000 2018,"Additionally, using ‚Äûsexy industry‚Äù to describe tech is just another example of sexualisation that women will conti‚Ä¶ https://t.co/rFgRgfZR7f",0.0,0.0,0.0,1.0,41
341,@Fox,Tue Jul 03 08:27:09 +0000 2018,"He could just really look at his own employer, Uber, to learn about the inclusion and moral crisis that tech is cur‚Ä¶ https://t.co/I3W252jNqe",-0.6249,0.0,0.157,0.843,42
342,@Fox,Tue Jul 03 08:24:21 +0000 2018,"I‚Äôm not going any further, because the evidence is there for those who are willing to look for it instead of trying‚Ä¶ https://t.co/gmd1QdIfJE",0.0,0.0,0.0,1.0,43
343,@Fox,Tue Jul 03 08:22:45 +0000 2018,"A good place to start would be to familiarise yourself w/the @KaporCenter Tech Leavers study, portraying why people‚Ä¶ https://t.co/McD9ZnlGXf",0.4404,0.146,0.0,0.854,44
344,@Fox,Tue Jul 03 08:20:22 +0000 2018,"The sheer ignorance of white male privilege portrayed in this tweet is a reason why there aren‚Äôt more people, espec‚Ä¶ https://t.co/BVSYqzUU0a",0.0,0.109,0.109,0.783,45
345,@Fox,Tue Jul 03 08:05:37 +0000 2018,"@patriciarealini The echo chamber of white dudes seeing tech as easy runs deep, especially at Uber lol",0.7397,0.294,0.0,0.706,46
346,@Fox,Tue Jul 03 04:49:02 +0000 2018,"RT @KimCrayton1: ‚ÄúWe need to destigmatize how we view and talk about privilege, and one of the best ways to do so is to raise awareness.‚Äú #‚Ä¶",0.7717,0.211,0.0,0.789,47
347,@Fox,Tue Jul 03 04:32:54 +0000 2018,We cannot succeed at making the Web that‚Äôs welcoming towards everyone if the platform is built by the few with enou‚Ä¶ https://t.co/scB1iuvgaJ,0.0701,0.114,0.103,0.783,48
348,@Fox,Tue Jul 03 04:32:32 +0000 2018,"RT @Kolor_Koded_101: If you don't understand why more folks don't consider careers in tech despite ""low"" barriers to entry, great pay and b‚Ä¶",0.5719,0.155,0.053,0.792,49
349,@Fox,Tue Jul 03 04:32:19 +0000 2018,"RT @missydepino: Important facts for white allies:

If you are white, 93% of your social network is white. 

White social media users only‚Ä¶",0.2023,0.076,0.0,0.924,50
350,@Fox,Tue Jul 03 03:20:06 +0000 2018,RT @MelissaStetten: The University of Well Actually. https://t.co/nZ5NuXiVRn,0.2732,0.231,0.0,0.769,51
351,@Fox,Tue Jul 03 02:32:06 +0000 2018,I strongly recommend reading the recent State of Black America report that highlights disparities in White-Black an‚Ä¶ https://t.co/xPMjqauW2e,0.5574,0.235,0.0,0.765,52
352,@Fox,Tue Jul 03 02:24:43 +0000 2018,Doing legitimate research for my talk about tech ethics. https://t.co/TDWpxWVyU4,0.0,0.0,0.0,1.0,53
353,@Fox,Tue Jul 03 01:37:12 +0000 2018,"@bradleyfields awesome! That‚Äôs great to hear. I‚Äôd mostly use it for writing and reading, maybe some presentations i‚Ä¶ https://t.co/8lw5cJJ5dC",0.8588,0.333,0.0,0.667,54
354,@Fox,Tue Jul 03 01:30:46 +0000 2018,Developer Twitter in a nutshell. https://t.co/bViM2EWxTv,0.0,0.0,0.0,1.0,55
355,@Fox,Tue Jul 03 01:27:13 +0000 2018,"@glenngillen yeah, I wouldn‚Äôt use it for work. I have a personal iMac, will have a work MacBook so want this mostly‚Ä¶ https://t.co/1DpI2lNqf1",0.4481,0.188,0.0,0.812,56
356,@Fox,Tue Jul 03 01:18:36 +0000 2018,I‚Äôm considering getting rid of my Macbook and using an iPad Pro for writing + travel (mostly non-work related). If‚Ä¶ https://t.co/ioOtzJxM2V,0.0,0.0,0.0,1.0,57
357,@Fox,Mon Jul 02 23:18:55 +0000 2018,".@mylifeasalllly has spoken at @cssconfau 2016, and I strongly recommend you hire her if you‚Äôre looking for a front‚Ä¶ https://t.co/RSUDyoP7h4",0.5574,0.223,0.0,0.777,58
358,@Fox,Mon Jul 02 23:15:52 +0000 2018,"@LukesBeard omg, these are so great! also, love her outfit üòç",0.9325,0.542,0.0,0.458,59
359,@Fox,Mon Jul 02 23:10:08 +0000 2018,"@soniagupta504 ü§¶üèª‚Äç‚ôÄÔ∏èüò°

I don‚Äôt know how not to be ashamed for whiteness anymore, to be honest.",0.7054,0.31,0.0,0.69,60
360,@Fox,Mon Jul 02 06:58:47 +0000 2018,"RT @DelilahSDawson: Twitter, 2009: You followed me? Wow! I'll follow you, too! We'll be buddies! In the trenches! Hey, that lady said a sma‚Ä¶",0.7156,0.184,0.0,0.816,61
361,@Fox,Mon Jul 02 06:33:24 +0000 2018,"@Mandy_Kerr @kylietimpani please tell me how to have a great time at the airport, I will be needing this advice soon üòÇ",0.8519,0.318,0.059,0.623,62
362,@Fox,Mon Jul 02 06:30:21 +0000 2018,Humans author software and design with conscious and unknown biases baked in. Their prejudice and lack of education‚Ä¶ https://t.co/sr8nCyi5WX,-0.6808,0.0,0.248,0.752,63
363,@Fox,Mon Jul 02 05:13:27 +0000 2018,RT @ICSandwichGuy: https://t.co/n6lOb7f6g8,0.0,0.0,0.0,1.0,64
364,@Fox,Mon Jul 02 02:51:31 +0000 2018,The European Group on Ethics in Science and New Technologies has been publishing reports on ethics since the early‚Ä¶ https://t.co/F24DhJdhVT,0.0,0.0,0.0,1.0,65
365,@Fox,Mon Jul 02 02:47:28 +0000 2018,"Ethical principles for technology:

‚Üí Human dignity
‚Üí Autonomy
‚Üí Responsibility
‚Üí Justice, equity, &amp; solidarity
‚Üí D‚Ä¶ https://t.co/NaXjoluxhv",0.891,0.537,0.0,0.463,66
366,@Fox,Mon Jul 02 02:11:12 +0000 2018,"@omosolatweets üò°üò°üò°

This makes me very angry. Shared!",-0.2975,0.213,0.309,0.478,67
367,@Fox,Mon Jul 02 02:10:35 +0000 2018,"What the living hell @TOABerlin? 

Do you sell photos of your attendees and/or allow press to use them however they‚Ä¶ https://t.co/YkEMfHlZUE",-0.5719,0.075,0.18,0.745,68
368,@Fox,Mon Jul 02 02:04:16 +0000 2018,@meelijane üò°,0.0,0.0,0.0,1.0,69
369,@Fox,Mon Jul 02 02:04:04 +0000 2018,RT @omosolatweets: It recently came to my attention that an image of myself &amp; three other female attendees from a break during the @TOABerl‚Ä¶,0.0,0.0,0.0,1.0,70
370,@Fox,Sun Jul 01 22:52:03 +0000 2018,"@Mandy_Kerr Thank you, Mandy. üòáüíê",0.3612,0.385,0.0,0.615,71
371,@Fox,Sat Jun 30 11:22:36 +0000 2018,"All white people should watch W. Kamau Bell‚Äôs newest stand up, ‚ÄúPrivate School Negro‚Äù immediately.

https://t.co/nzCFNCj5Kh",0.0,0.0,0.0,1.0,72
372,@Fox,Sat Jun 30 08:19:58 +0000 2018,"These are only a few things I do on a daily basis. 

If you‚Äôre a man, consider how women perpetually live in fear a‚Ä¶ https://t.co/Kmhe4XISP2",-0.4939,0.0,0.138,0.862,73
373,@Fox,Sat Jun 30 08:18:20 +0000 2018,"8) when I can‚Äôt avoid confrontation, I‚Äôm polite and try to find excuses to not give them what they want (eg a phone‚Ä¶ https://t.co/iJX8dOQawo",-0.0772,0.157,0.169,0.674,74
374,@Fox,Sat Jun 30 08:09:27 +0000 2018,5) when I sense someone creepily following me I don‚Äôt engage. I walk faster with my phone out and look for other pe‚Ä¶ https://t.co/dPqzY7bpld,0.34,0.107,0.0,0.893,75
375,@Fox,Sat Jun 30 08:07:33 +0000 2018,"1) I don‚Äôt walk with headphones on after dark.
2) I don‚Äôt choose badly lit side streets; I stick to main roads with‚Ä¶ https://t.co/VrJV74cCtB",-0.4767,0.0,0.134,0.866,76
376,@Fox,Sat Jun 30 08:04:10 +0000 2018,"I had a conversation with a few women about perosnal safety recently and we, sadly, pretty much shared the same str‚Ä¶ https://t.co/sU41H06OqF",0.6808,0.321,0.107,0.573,77
377,@Fox,Sat Jun 30 08:01:57 +0000 2018,@janeruffino Mental illness has become a free getaway card for violent white men. It also stigmatizes mental health‚Ä¶ https://t.co/exEW21yI3f,-0.5106,0.133,0.265,0.602,78
378,@Fox,Sat Jun 30 04:43:58 +0000 2018,"If Silicon Valley diversity and inclusion initiatives are achieving any results, it‚Äôs sadly mostly affecting only w‚Ä¶ https://t.co/qQZAzUarvu",-0.4215,0.0,0.141,0.859,79
379,@Fox,Sat Jun 30 04:41:52 +0000 2018,@linzlovesyou ü§¶üèª‚Äç‚ôÄÔ∏è no no no no,-0.7783,0.0,0.595,0.405,80
380,@Fox,Sat Jun 30 04:34:22 +0000 2018,RT @rightsagenda: Watch our @DanielHRLC's address to the UN Human Rights Council last night about the Turnbull Government's deliberate dest‚Ä¶,0.0,0.0,0.0,1.0,81
381,@Fox,Sat Jun 30 04:31:26 +0000 2018,@kylietimpani I feel so seen,0.0,0.0,0.0,1.0,82
382,@Fox,Sat Jun 30 02:11:57 +0000 2018,"‚ÄûSurveillance is not only a means of watching or tracking, it is also a mechanism for social sorting.‚Äù

 ‚ÄîVirgina E‚Ä¶ https://t.co/INEmQdekvg",0.0,0.0,0.0,1.0,83
383,@Fox,Sat Jun 30 02:01:27 +0000 2018,"@Gemma_Stiles thank you, Gemma! that‚Äôs very kind. üíñ",0.8386,0.599,0.0,0.401,84
384,@Fox,Sat Jun 30 02:01:05 +0000 2018,"@corywheeler1 @jesslynnrose @samhouston thank you, y‚Äôall üòá üíê",0.6705,0.379,0.0,0.621,85
385,@Fox,Sat Jun 30 00:57:09 +0000 2018,"One of the things that annoy the living hell out of me in SaaS is:

1) not sending monthly invoices via email
2) ch‚Ä¶ https://t.co/B3JmezlHoE",-0.8176,0.0,0.246,0.754,86
386,@Fox,Fri Jun 29 23:54:44 +0000 2018,"I really love how @Xero rubs it in by charging for an additional month even after cancellation.

Horrifying service‚Ä¶ https://t.co/NTkwQGZSHi",0.2006,0.178,0.147,0.675,87
387,@Fox,Fri Jun 29 23:52:30 +0000 2018,"The perpetuation of drinking in the tech industry, especially in professional settings like offices, meetups and co‚Ä¶ https://t.co/F1WptRlAaS",0.3612,0.128,0.0,0.872,88
388,@Fox,Fri Jun 29 05:26:19 +0000 2018,"üë©üèª‚Äçüéì¬†More talk research: 

What prevents you from building ethical products and companies? 
What would empower you‚Ä¶ https://t.co/SzZNgJXz6g",0.5574,0.187,0.0,0.813,89
389,@Fox,Fri Jun 29 05:10:55 +0000 2018,I‚Äôll be making it over to Perth in August to keynote @DDDPerth and talk about building a welcoming Web for everyone‚Ä¶ https://t.co/Y6BFKG7weE,0.4404,0.127,0.0,0.873,90
390,@Fox,Thu Jun 28 23:10:43 +0000 2018,RT @notwaldorf: I made a music sequencer! In JavaScript! It even uses Machine Learning to try to match drums to a synth melody you create!‚Ä¶,0.0,0.0,0.0,1.0,91
391,@Fox,Thu Jun 28 22:31:19 +0000 2018,"RT @anitasarkeesian: ""they're just words""
""you can't take a joke""
""you're just making it up""
""it's just boys being boys""
""it's just the way‚Ä¶",-0.2235,0.0,0.079,0.921,92
392,@Fox,Thu Jun 28 04:47:58 +0000 2018,"Nowadays, the most significant performance wins for perceived speed, and user experience lay in web fonts and JavaS‚Ä¶ https://t.co/xtHruZgFnm",0.7233,0.263,0.0,0.737,93
393,@Fox,Thu Jun 28 00:53:02 +0000 2018,"@mor10 Thank you for the recommendations! I have few others on my list as well, but didn‚Äôt manage to read 10+ books for one talk. üòÖ",0.7043,0.215,0.0,0.785,94
394,@Fox,Wed Jun 27 06:19:59 +0000 2018,"@eleanorstrib Agree! The whole soft skill argument is bullshit. I had philosophy, ethics and sociology and I‚Äôm real‚Ä¶ https://t.co/Qjg7ROz2vW",-0.6239,0.104,0.274,0.623,95
395,@Fox,Wed Jun 27 03:21:04 +0000 2018,World biggest data breaches visualised. https://t.co/v9cvF7xXih,0.0,0.0,0.0,1.0,96
396,@Fox,Wed Jun 27 02:06:38 +0000 2018,@CatherineFlick Agree! The materials date way back to the 70s and 80s. It‚Äôs saddening only now people realise the i‚Ä¶ https://t.co/g7izwFtlHq,-0.2481,0.1,0.14,0.76,97
397,@Fox,Wed Jun 27 02:02:51 +0000 2018,"I would also urge to read the following books by @sara_ann_marie, @PopTechWorks, @safiyanoble and @mathbabedotorg a‚Ä¶ https://t.co/M3MEp2hf2H",0.0,0.0,0.0,1.0,98
398,@Fox,Wed Jun 27 01:55:07 +0000 2018,One of the resources I would recommend is @datasociety‚Äôs research. https://t.co/iggP6iabre,0.3612,0.217,0.0,0.783,99
399,@Fox,Wed Jun 27 01:54:40 +0000 2018,"There are endless papers, articles and books on technological redlining, algorithmic bias, the implications of tech‚Ä¶ https://t.co/1d7T2Q3oYT",-0.1027,0.0,0.08,0.92,100
400,@NYTimes,Sun Jul 15 23:20:53 +0000 2018,"""See ya later, suckas!"" *A 5-year-old who died from a rare form of cancer was remembered in his own words in a wide‚Ä¶ https://t.co/pr1HP12yn3",-0.8516,0.0,0.293,0.707,1
401,@NYTimes,Sun Jul 15 23:03:35 +0000 2018,"No sitting on the floor, no hugging your siblings, and it‚Äôs best not to cry: Migrant children describe life in dete‚Ä¶ https://t.co/uIBNxvpSnn",0.7314,0.309,0.142,0.549,2
402,@NYTimes,Sun Jul 15 22:44:31 +0000 2018,Nonfiction: What Edmund White Thinks You Should Read https://t.co/8F6R641WKh,0.0,0.0,0.0,1.0,3
403,@NYTimes,Sun Jul 15 22:32:20 +0000 2018,Elizabeth Warren. Joe Biden. Kamala Harris. Cory Booker. Bernie Sanders. It's beginning. https://t.co/05xuZwJz6d,0.0,0.0,0.0,1.0,4
404,@NYTimes,Sun Jul 15 22:15:07 +0000 2018,Witness in 360 video as fans in Paris celebrate the French team‚Äôs victory in the World Cup final https://t.co/NrM8gxIdqw,0.5719,0.171,0.0,0.829,5
405,@NYTimes,Sun Jul 15 22:05:35 +0000 2018,Could You Make It Through Dinner Without Checking Your Phone? https://t.co/XWZPSb6tLa,0.0,0.0,0.0,1.0,6
406,@NYTimes,Sun Jul 15 22:00:06 +0000 2018,"Up high, in the luxury suites among the royals and the politicians, Emmanuel Macron, the French president, was cutt‚Ä¶ https://t.co/hLAxx1Hhdz",0.0,0.0,0.0,1.0,7
407,@NYTimes,Sun Jul 15 21:45:05 +0000 2018,"Dwayne Johnson can save cities, but he couldn‚Äôt defeat a vacationing cartoon vampire at the box office https://t.co/peDeHYp7UW",-0.4404,0.1,0.19,0.711,8
408,@NYTimes,Sun Jul 15 21:30:06 +0000 2018,"‚ÄúI‚Äôm a mercenary. That‚Äôs what people hire me for, and I don‚Äôt apologize for it.‚Äù Our magazine profiled Michael Aven‚Ä¶ https://t.co/mtBaxdpyL5",0.1027,0.072,0.0,0.928,9
409,@NYTimes,Sun Jul 15 21:24:29 +0000 2018,A man evading arrest and wielding a rifle shot and wounded 3 police officers during a lengthy search and firefight‚Ä¶ https://t.co/A8mo5hFiWf,-0.34,0.0,0.13,0.87,10
410,@NYTimes,Sun Jul 15 21:15:02 +0000 2018,"In Opinion

Contributing writer @zeynep writes, ""The kind of publicity Elon Musk created can take on a life of its‚Ä¶ https://t.co/sNeOMgXzpU",0.25,0.095,0.0,0.905,11
411,@NYTimes,Sun Jul 15 21:00:06 +0000 2018,"As a whole, morale at the FBI remains high, despite a barrage of attacks by the president and his allies https://t.co/rT21v4zHYF",0.3412,0.118,0.0,0.882,12
412,@NYTimes,Sun Jul 15 20:45:04 +0000 2018,"About 120 cows roam freely around Cambridge, England. Residents take pride in their bovine neighbors and say they a‚Ä¶ https://t.co/7WCe0PLkV8",0.6486,0.227,0.0,0.773,13
413,@NYTimes,Sun Jul 15 20:30:10 +0000 2018,Georgia's Republican primary for governor pits a wealthy businessman playing up his far-right persona against an op‚Ä¶ https://t.co/EldCSQFlP9,0.5106,0.223,0.0,0.777,14
414,@NYTimes,Sun Jul 15 20:26:55 +0000 2018,‚ÄúWho Is America?‚Äù on Showtime reprises Sacha Baron Cohen‚Äôs gotcha techniques at a time when people don‚Äôt need to be‚Ä¶ https://t.co/kkBtXN1L9b,0.0,0.0,0.0,1.0,15
415,@NYTimes,Sun Jul 15 20:15:03 +0000 2018,Floodplain restoration in California is increasingly seen as a way of coping with the future ‚Äî one of human-induced‚Ä¶ https://t.co/EMn8GtdoTv,0.0,0.0,0.0,1.0,16
416,@NYTimes,Sun Jul 15 20:00:22 +0000 2018,"Here are the week‚Äôs top stories, and a look ahead https://t.co/imguoX3PWm",0.2023,0.167,0.0,0.833,17
417,@NYTimes,Sun Jul 15 19:45:06 +0000 2018,The agony and ecstasy of World Cup soccer https://t.co/02tgQCsclu,0.2732,0.285,0.204,0.511,18
418,@NYTimes,Sun Jul 15 19:37:05 +0000 2018,The Russian military intelligence agency accused of meddling in the U.S. election most likely carried out an audaci‚Ä¶ https://t.co/qaXjrYBoos,0.2263,0.139,0.099,0.762,19
419,@NYTimes,Sun Jul 15 19:30:17 +0000 2018,Here are a few ideas for what to cook this week https://t.co/47aTJetOBG,0.0,0.0,0.0,1.0,20
420,@NYTimes,Sun Jul 15 19:22:01 +0000 2018,"3 years after a racist blood bath in its fellowship hall, a Charleston church unveiled designs for a contemplative‚Ä¶ https://t.co/0epd9q1OQA",-0.6124,0.0,0.211,0.789,21
421,@NYTimes,Sun Jul 15 19:15:08 +0000 2018,"In Opinion

Op-Ed contributor David Bentley Hart writes, ""No one elsewhere wants to root for a team like the Yankee‚Ä¶ https://t.co/SLK2iO5iDm",0.0772,0.11,0.097,0.793,22
422,@NYTimes,Sun Jul 15 19:07:06 +0000 2018,"‚ÄúWe had much better defenses,‚Äù President Trump said, suggesting that the Russians could not hack the Republican Nat‚Ä¶ https://t.co/TJbpCl1tGD",0.4404,0.139,0.0,0.861,23
423,@NYTimes,Sun Jul 15 19:00:06 +0000 2018,A Greenpeace paraglider propelled past President Trump with a banner saying ‚ÄúTrump Well Below Par‚Äù at a golf resort‚Ä¶ https://t.co/AnUO50vpZu,0.2732,0.116,0.0,0.884,24
424,@NYTimes,Sun Jul 15 18:45:06 +0000 2018,We have combined all 163 impassioned cries by Telemundo's announcers into one lung-bursting goal call https://t.co/heCP0PG5Ob,-0.4019,0.0,0.153,0.847,25
425,@NYTimes,Sun Jul 15 18:30:06 +0000 2018,Members of the political activist group Pussy Riot said they staged a disruption of the World Cup final by running‚Ä¶ https://t.co/8PENbpQwSp,-0.7269,0.0,0.253,0.747,26
426,@NYTimes,Sun Jul 15 18:15:07 +0000 2018,"Here‚Äôs a brief, hilarious and cringe-inducing roundup of some of Sacha Baron Cohen's best and most controversial po‚Ä¶ https://t.co/fNsW6D6P8k",0.701,0.288,0.087,0.625,27
427,@NYTimes,Sun Jul 15 18:00:12 +0000 2018,President Trump is the first to go this long without awarding national medals in the arts and humanities https://t.co/pEm3I7fuEZ,-0.3412,0.0,0.118,0.882,28
428,@NYTimes,Sun Jul 15 17:45:04 +0000 2018,"""See ya later, suckas!"" *A 5-year-old who died from a rare form of cancer was remembered in his own words in a wide‚Ä¶ https://t.co/KC1TSCLnXD",-0.8516,0.0,0.293,0.707,29
429,@NYTimes,Sun Jul 15 17:30:13 +0000 2018,"A Chicago police officer fatally shot a man on the city‚Äôs South Side, angering nearby residents who gathered at the‚Ä¶ https://t.co/TKAizAtGj9",-0.8126,0.0,0.303,0.697,30
430,@NYTimes,Sun Jul 15 17:15:05 +0000 2018,"As Canadians fume about President Trump's tariffs and behavior, a major retailer in the country has dropped Ivanka‚Ä¶ https://t.co/bZqRClPJ3B",-0.296,0.0,0.115,0.885,31
431,@NYTimes,Sun Jul 15 17:07:02 +0000 2018,"Video review made its debut at this World Cup, and it had an immediate impact. https://t.co/gNtTIIViEE",0.0,0.0,0.0,1.0,32
432,@NYTimes,Sun Jul 15 17:00:15 +0000 2018,All Putin really needs to make his meeting with Trump a success is for it to take place without any major friction https://t.co/eGFZlq7X2a,0.5719,0.15,0.0,0.85,33
433,@NYTimes,Sun Jul 15 16:58:30 +0000 2018,"üá´üá∑üá´üá∑üá´üá∑üá´üá∑üá´üá∑üá´üá∑üá´üá∑üá´üá∑üá´üá∑üá´üá∑üá´üá∑üá´üá∑
The day after Bastille Day, France has another reason to celebrate. France has won its sec‚Ä¶ https://t.co/uuUe86WKvK",0.8126,0.316,0.0,0.684,34
434,@NYTimes,Sun Jul 15 16:48:04 +0000 2018,It seemed that all of France was watching https://t.co/HEDSTcPfj6,0.0,0.0,0.0,1.0,35
435,@NYTimes,Sun Jul 15 16:45:04 +0000 2018,"‚ÄúHe told me I should sue the EU,‚Äù Theresa May revealed the advice President Trump gave on how to negotiate Britain‚Äô‚Ä¶ https://t.co/L9PKUJrCK4",0.0,0.0,0.0,1.0,36
436,@NYTimes,Sun Jul 15 16:42:38 +0000 2018,Those who saw Kylian Mbapp√© as a child knew he was special. But they couldn't know quite how far his talent would t‚Ä¶ https://t.co/qibbfespmW,0.6757,0.209,0.0,0.791,37
437,@NYTimes,Sun Jul 15 16:30:03 +0000 2018,Agents with blowtorches in the dark of night: Inside the raid that gave Israel a trove of Iran's nuclear secrets https://t.co/aaZbNw7pYA,0.0,0.0,0.0,1.0,38
438,@NYTimes,Sun Jul 15 16:29:15 +0000 2018,Wow. Croatia scores! It's not over yet. France 4 Croatia 2. https://t.co/HOUd28pa1I,0.6239,0.29,0.0,0.71,39
439,@NYTimes,Sun Jul 15 16:26:43 +0000 2018,"Kylian Mbappe, 19, is the first teenager to score in a World Cup final since Pel√©. He scored France's 4th goal. https://t.co/p9qkbrrx7p",0.0,0.0,0.0,1.0,40
440,@NYTimes,Sun Jul 15 16:19:11 +0000 2018,Paul Pogba makes it 3-1 for France! https://t.co/e02eAPqaLM,0.0,0.0,0.0,1.0,41
441,@NYTimes,Sun Jul 15 16:15:01 +0000 2018,Paramilitary forces backed by Nicaragua‚Äôs government killed 2 people during a 12-hour siege on a church where stude‚Ä¶ https://t.co/0jiQber3uG,-0.6597,0.056,0.23,0.714,42
442,@NYTimes,Sun Jul 15 16:00:09 +0000 2018,A federal judge had some harsh words for a Health and Human Services official who said a court order to reunite mig‚Ä¶ https://t.co/cCl4gsuteH,-0.4404,0.0,0.132,0.868,43
443,@NYTimes,Sun Jul 15 15:52:19 +0000 2018,Halftime. France took a 2-1 lead on Croatia after a handball in the box gave Antoine Griezmann a penalty kick. https://t.co/0CfXdO0GqR,-0.4588,0.0,0.15,0.85,44
444,@NYTimes,Sun Jul 15 15:45:04 +0000 2018,France's victory in the World Cup semifinals handed its president an unexpected chance to meet the Russian presiden‚Ä¶ https://t.co/dS8YSXEGTe,0.25,0.1,0.0,0.9,45
445,@NYTimes,Sun Jul 15 15:35:01 +0000 2018,Novak Djokovic is back on top of men‚Äôs tennis: He beat Kevin Anderson at Wimbledon for his 13th Grand Slam title https://t.co/folmWovObT,0.296,0.182,0.098,0.72,46
446,@NYTimes,Sun Jul 15 15:30:18 +0000 2018,Croatia scores and makes it even! https://t.co/8InlMqSas6,0.0,0.0,0.0,1.0,47
447,@NYTimes,Sun Jul 15 15:30:15 +0000 2018,"And then there was one. Soon, Oregon will have the last Blockbuster video store in the United States. https://t.co/pOibrpfeGs",0.7717,0.283,0.0,0.717,48
448,@NYTimes,Sun Jul 15 15:20:10 +0000 2018,France takes the lead! https://t.co/ARt5lS7H3K,0.0,0.0,0.0,1.0,49
449,@NYTimes,Sun Jul 15 15:16:15 +0000 2018,France and Croatia are underway in the 2018 World Cup final https://t.co/2TU9KgDHER,0.0,0.0,0.0,1.0,50
450,@NYTimes,Sun Jul 15 15:15:10 +0000 2018,How much wood could a woodchuck chuck if a woodchuck could get into Paul Ryan‚Äôs SUV? https://t.co/NGoTxUBibQ,0.0,0.0,0.0,1.0,51
451,@NYTimes,Sun Jul 15 15:00:08 +0000 2018,Elizabeth Warren. Joe Biden. Kamala Harris. Cory Booker. Bernie Sanders. It's beginning. https://t.co/ryxlObNHia,0.0,0.0,0.0,1.0,52
452,@NYTimes,Sun Jul 15 14:45:07 +0000 2018,"Watch for lots of spitting in the France-Croatia final. It's probably ""carb rinsing,"" a popular practice among Worl‚Ä¶ https://t.co/NjxxQjDMqq",0.4215,0.141,0.0,0.859,53
453,@NYTimes,Sun Jul 15 14:30:07 +0000 2018,France is trying to win its second World Cup. Croatia is playing for its first championship. https://t.co/xoWF0pGcvb,0.8176,0.378,0.0,0.622,54
454,@NYTimes,Sun Jul 15 14:15:06 +0000 2018,"The California Democratic Party snubbed Senator Dianne Feinstein and endorsed her rival, Kevin de Le√≥n, in November‚Ä¶ https://t.co/FqGwRXocUM",0.1779,0.207,0.132,0.661,55
455,@NYTimes,Sun Jul 15 14:03:52 +0000 2018,Ireland is expected to become the first country to formally pledge to divest from fossil fuels https://t.co/7Et9HEwdqn,0.0,0.0,0.0,1.0,56
456,@NYTimes,Sun Jul 15 13:46:08 +0000 2018,"Our NYT movie review: All the feels, hurts and laughs of ""Eighth Grade"" https://t.co/MEvI3z6Weo",0.0258,0.175,0.169,0.656,57
457,@NYTimes,Sun Jul 15 13:30:02 +0000 2018,Those who saw Kylian Mbapp√© as a child knew he was special. But they couldn't know quite how far his talent would t‚Ä¶ https://t.co/prJ1gEkz5c,0.6757,0.209,0.0,0.791,58
458,@NYTimes,Sun Jul 15 13:28:15 +0000 2018,Trump Says He ‚ÄòHadn‚Äôt Thought‚Äô About Asking Putin to Extradite 12 Indicted Russians https://t.co/mOvxjO6QOo,0.0,0.0,0.0,1.0,59
459,@NYTimes,Sun Jul 15 13:00:18 +0000 2018,Today is National Ice Cream Day. And nothing compares to the homemade kind. https://t.co/TgPaTj7zcS https://t.co/q7DLl8BVPM,0.5267,0.195,0.0,0.805,60
460,@NYTimes,Sun Jul 15 12:30:09 +0000 2018,"We chart America‚Äôs complicated history of infant feeding, starting with the spread of formula https://t.co/H26wrB13de",0.0,0.0,0.0,1.0,61
461,@NYTimes,Sun Jul 15 12:06:06 +0000 2018,"Warren is Preparing for 2020. So Are Biden, Booker, Harris and Sanders. https://t.co/SVSpIZMQRQ",0.0,0.0,0.0,1.0,62
462,@NYTimes,Sun Jul 15 12:00:14 +0000 2018,After years of being told to put on a suit and recite their r√©sum√© ‚Äî and smile! ‚Äî women running for office are thro‚Ä¶ https://t.co/R4JJVQQaiZ,0.4199,0.117,0.0,0.883,63
463,@NYTimes,Sun Jul 15 11:43:59 +0000 2018,What Adults Can Learn From Dutch Children‚Äôs Books https://t.co/CfjcAohDz3,0.0,0.0,0.0,1.0,64
464,@NYTimes,Sun Jul 15 11:30:14 +0000 2018,"No sitting on the floor, no hugging your siblings, and it‚Äôs best not to cry: Migrant children describe life in dete‚Ä¶ https://t.co/TubFYOUTUT",0.7314,0.309,0.142,0.549,65
465,@NYTimes,Sun Jul 15 11:00:16 +0000 2018,"Trump's Supreme Court nominee has talked a lot about his mother, the public servant. Just as influential in his lif‚Ä¶ https://t.co/yZ08Z4NCyx",0.7579,0.265,0.0,0.735,66
466,@NYTimes,Sun Jul 15 10:31:00 +0000 2018,"Croatia reached the final the hard way, via the scenic route https://t.co/ZwFOh4LvDn",0.0,0.109,0.109,0.781,67
467,@NYTimes,Sun Jul 15 10:30:11 +0000 2018,"For Isabella and thousands of other migrant parents hoping to be reunited with their children, part of the trauma h‚Ä¶ https://t.co/qK8SXCgam2",0.0,0.114,0.114,0.772,68
468,@NYTimes,Sun Jul 15 10:25:25 +0000 2018,Theresa May Says Trump Told Her to ‚ÄòSue the E.U.‚Äô in Brexit Talks https://t.co/tTmxPc6Qow,0.0,0.0,0.0,1.0,69
469,@NYTimes,Sun Jul 15 10:13:49 +0000 2018,Dance? Easy. The Ballerina Tiler Peck Leaves Her Comfort Zone. https://t.co/TpnAA8kmbw,0.6597,0.375,0.0,0.625,70
470,@NYTimes,Sun Jul 15 10:00:15 +0000 2018,"When the 2 leaders sit down in Finland, Trump‚Äôs abiding desire to win over Vladimir Putin will loom as a powerful d‚Ä¶ https://t.co/FqgWJqW7h2",0.8126,0.33,0.067,0.603,71
471,@NYTimes,Sun Jul 15 09:52:40 +0000 2018,Soon There Will Be Only One Blockbuster Left in the United States https://t.co/CTXu52NnAG,0.7717,0.379,0.0,0.621,72
472,@NYTimes,Sun Jul 15 09:38:59 +0000 2018,"Here's how to use that student loan repayment grace period to your advantage, and some other tips for new graduates https://t.co/ctyXOy5Zhq",0.5859,0.202,0.0,0.798,73
473,@NYTimes,Sun Jul 15 09:22:13 +0000 2018,"In 15 years of Dirty Projectors albums, the band‚Äôs new album is their shiniest, airiest, even catchiest set of songs https://t.co/bECRLeDX5a",-0.4404,0.0,0.127,0.873,74
474,@NYTimes,Sun Jul 15 09:05:32 +0000 2018,"Amazon Prime Day begins Monday. Here's a few of the deals that could be worth your money. 
https://t.co/tUM7JY4htV",0.3818,0.194,0.0,0.806,75
475,@NYTimes,Sun Jul 15 08:48:40 +0000 2018,RT @nytimesarts: Post-prime hip-hop stars ‚Äî or those on the verge of reaching their tipping point ‚Äî are working out their post-prime issues‚Ä¶,0.2023,0.083,0.0,0.917,76
476,@NYTimes,Sun Jul 15 08:30:14 +0000 2018,Trilobites: New Clues to How the Biggest Dinosaurs Got So Big https://t.co/f3bpwoB3Zr,0.0,0.0,0.0,1.0,77
477,@NYTimes,Sun Jul 15 08:27:58 +0000 2018,"For a Moment, Underdog Croatia Basks in World Cup Joy https://t.co/qnCyrfzgho",0.5859,0.297,0.0,0.703,78
478,@NYTimes,Sun Jul 15 08:11:39 +0000 2018,"For all the hype about the gig economy, its effect on worker rights can get short shrift, writes our labor reporter‚Ä¶ https://t.co/AsjThWdrPu",0.0,0.0,0.0,1.0,79
479,@NYTimes,Sun Jul 15 07:54:43 +0000 2018,A German museum exhibit rearranges pieces in its collection to trigger conversations on cultural appropriation and‚Ä¶ https://t.co/ilRzX6GwPD,0.0,0.0,0.0,1.0,80
480,@NYTimes,Sun Jul 15 07:37:25 +0000 2018,"RT @AndrewDasNYT: Chartered flights, private cars and (OK smaller) per diems. How World Cup life at the top of FIFA still looks the same af‚Ä¶",0.2023,0.07,0.0,0.93,81
481,@NYTimes,Sun Jul 15 07:20:21 +0000 2018,New York has rarely looked as grand and otherworldly as it does in these photographs https://t.co/UaC2Fh49go,-0.357,0.0,0.142,0.858,82
482,@NYTimes,Sun Jul 15 07:03:06 +0000 2018,New York has rarely looked as otherworldly as it does in these photographs https://t.co/spdQVQvaa9,0.0,0.0,0.0,1.0,83
483,@NYTimes,Sun Jul 15 06:45:42 +0000 2018,RT @NYTScience: Is your horse in a good mood? A scientist suggests you might want to listen to how often it snorts. https://t.co/Y431DIHE7J,0.4939,0.181,0.0,0.819,84
484,@NYTimes,Sun Jul 15 06:28:09 +0000 2018,"You, too, can learn knitting without quitting, with these tips https://t.co/jFCazquRex",0.0,0.0,0.0,1.0,85
485,@NYTimes,Sun Jul 15 06:11:14 +0000 2018,Why have FOMO when you could have JOMO? https://t.co/u2RNgzZrjw,0.0,0.0,0.0,1.0,86
486,@NYTimes,Sun Jul 15 05:53:29 +0000 2018,"RT @nytimesmusic: Kathy Valentine of the Go-Go's on ""Vacation"":

""I wrote it when I was 21 years old, on an airplane napkin."" https://t.co/‚Ä¶",0.0,0.0,0.0,1.0,87
487,@NYTimes,Sun Jul 15 05:35:56 +0000 2018,California Democratic Party Snubs Feinstein and Endorses Kevin De Le√≥n https://t.co/k1ZQfHoqmm,0.25,0.315,0.191,0.494,88
488,@NYTimes,Sun Jul 15 05:35:40 +0000 2018,"Eau de Parfum, Eau de Toilette - Eau no, what to choose? Here's some tips on what's what in the world of scent. https://t.co/QEige26Wf1",-0.296,0.0,0.091,0.909,89
489,@NYTimes,Sun Jul 15 05:17:29 +0000 2018,"Tired of running on blacktop and sidewalks, especially as the summer sun beats down? Try trail running. https://t.co/DAgmc89IPN",-0.4404,0.0,0.146,0.854,90
490,@NYTimes,Sun Jul 15 04:58:46 +0000 2018,"A hobby taken up as a way to get to offline led reporter @fmanjoo to a saner, friendlier corner of the internet https://t.co/YBKh0OVBQ5",0.3612,0.133,0.067,0.8,91
491,@NYTimes,Sun Jul 15 04:40:18 +0000 2018,"Chicago Police Fatally Shoot Man, and Then a Crowd Confronts Officers https://t.co/x2dKxa4fNF",-0.8176,0.0,0.515,0.485,92
492,@NYTimes,Sun Jul 15 04:30:27 +0000 2018,Our tech columnist @bxchen used Apple‚Äôs new Screen Time controls to cut a teenager‚Äôs iPhone time in half. He had le‚Ä¶ https://t.co/iEX3bVTwiL,-0.2732,0.0,0.095,0.905,93
493,@NYTimes,Sun Jul 15 04:12:07 +0000 2018,"The power of positive people
https://t.co/Qv0yFW22uw",0.5574,0.419,0.0,0.581,94
494,@NYTimes,Sun Jul 15 03:54:49 +0000 2018,"Essay: Croatians Savor the Present, but Keep One Fateful Foot in the Past https://t.co/sfzHvNwLzu",0.0,0.0,0.0,1.0,95
495,@NYTimes,Sun Jul 15 03:41:25 +0000 2018,The Kardashians picked up right where the Simpsons left off when they launched their reality show on E! in 2008. No‚Ä¶ https://t.co/vt9b2RbLQf,0.2003,0.079,0.0,0.921,96
496,@NYTimes,Sun Jul 15 03:24:20 +0000 2018,"Andy Samberg on the cancelation and revival of ""Brooklyn Nine-Nine"": 
‚ÄúIt was like getting to go to your own funera‚Ä¶ https://t.co/T4YkV4IjOk",0.3612,0.111,0.0,0.889,97
497,@NYTimes,Sun Jul 15 03:06:17 +0000 2018,"Earlier generations of hip-hop stars lived their post-peak careers out of the limelight, but today‚Äôs rappers are tu‚Ä¶ https://t.co/8AjGvuB4nV",0.0,0.0,0.0,1.0,98
498,@NYTimes,Sun Jul 15 02:49:33 +0000 2018,"In Opinion 

Op-Ed contributor Tina Rosenberg writes: ""New York City is the safest big city in the nation. Can it g‚Ä¶ https://t.co/A6bvmJZ1yw",0.4019,0.114,0.0,0.886,99
499,@NYTimes,Sun Jul 15 02:31:02 +0000 2018,"The suburban sprawl around Paris is home to the greatest pool of soccer talent in Europe, including 8 of France's 2‚Ä¶ https://t.co/YxXT9eYwwm",0.7906,0.269,0.0,0.731,100
